path,pseudo_label,pseudo_label_str,distance_to_center
../data/raw/sans_label/001b158a-7af8-451e-bf31-3a9116265f3a.jpg,1,cancer,20.180179468083885
../data/raw/sans_label/00455a62-f79f-4072-9a23-4951e759acdc.jpg,0,normal,18.255366490457106
../data/raw/sans_label/009e9d31-9f37-4d97-a941-81501294c403.jpg,1,cancer,19.25059282567148
../data/raw/sans_label/00e9e198-79de-47ab-9f4e-7b76152324bb.jpg,1,cancer,21.73052472014022
../data/raw/sans_label/01d1f0ed-5070-45a8-ad26-f8a95ebec98d.jpg,0,normal,19.533305609943948
../data/raw/sans_label/01f4b8d2-56ed-4d82-ad41-6864de091425.jpg,1,cancer,22.5458019987336
../data/raw/sans_label/01fa1329-7524-49f5-8f11-bb9d8717a3fe.jpg,1,cancer,23.00619966529661
../data/raw/sans_label/0208c07c-bc4b-4741-ad0f-d5beeb18cc52.jpg,0,normal,22.437389338176235
../data/raw/sans_label/02af8a8e-3c79-4a3c-8412-52f483eb9411.jpg,0,normal,19.160578021101962
../data/raw/sans_label/02d2c771-7bf5-4771-972c-7f123088b7b0.jpg,1,cancer,20.812841021217036
../data/raw/sans_label/030d0b45-ee70-41f9-9e56-2581052b2c18.jpg,1,cancer,22.13478996719277
../data/raw/sans_label/03c5ec29-9720-4c07-a8e1-4a8a70852f40.jpg,0,normal,20.135980556946418
../data/raw/sans_label/0490c1d6-1860-4838-b5b4-b8f5d0ee5b6e.jpg,1,cancer,21.55403934313191
../data/raw/sans_label/04b806ad-e6ed-47bc-a2e8-ce0d2d790de4.jpg,0,normal,16.64143176110419
../data/raw/sans_label/04d076ce-4216-47ba-9013-6fe6956c7aed.jpg,1,cancer,23.642639337802485
../data/raw/sans_label/04d0fcb7-0b6c-4c7b-8dd2-aa70037a0b29.jpg,0,normal,21.302343524624867
../data/raw/sans_label/04dd2b78-0aa3-4364-b762-21a6e71d3658.jpg,0,normal,17.00864329918147
../data/raw/sans_label/0526db38-5dff-48c0-b682-0c4ae12fc125.jpg,1,cancer,22.08921002866062
../data/raw/sans_label/063a6210-0d77-4f8d-96ea-6a4814c37995.jpg,0,normal,20.85646698730918
../data/raw/sans_label/06a76102-9548-4dab-9572-e78259fa082e.jpg,0,normal,20.69304986974469
../data/raw/sans_label/06b17341-f3bb-4f31-8198-1ebdccbe2367.jpg,0,normal,17.97585233729422
../data/raw/sans_label/06c78a2d-9a5c-4249-b2ea-a4b267021c70.jpg,0,normal,20.13169932009475
../data/raw/sans_label/0746ecad-9485-4245-a119-cdbe6f074d7a.jpg,0,normal,22.883018257545444
../data/raw/sans_label/07eab220-96c1-466e-b2eb-ab8789548e89.jpg,0,normal,21.81188578779586
../data/raw/sans_label/0822f067-f5e2-477d-8005-3ad857c4c1fa.jpg,0,normal,18.781447814330257
../data/raw/sans_label/0850ca4c-e6e0-44ef-be80-ba3fe3d84483.jpg,1,cancer,20.26684270069014
../data/raw/sans_label/0905a879-d869-4756-ab7a-b2f01e7dd122.jpg,0,normal,22.73300362038846
../data/raw/sans_label/096ae32e-065a-4a00-959a-e63b1b5c77d6.jpg,0,normal,23.29749178672278
../data/raw/sans_label/097aeae8-d3da-4201-ac6c-fb697ee9df68.jpg,1,cancer,22.513242214397255
../data/raw/sans_label/09d56396-71e1-4c05-bf3f-ad755cb175a3.jpg,0,normal,22.367859946717008
../data/raw/sans_label/09dece73-b184-494f-b636-f5d3113b6f3e.jpg,0,normal,21.02233874249187
../data/raw/sans_label/09f30dac-5d5f-42bd-b9b9-43befa636dfd.jpg,1,cancer,20.750988270291383
../data/raw/sans_label/0a2bf85c-5b87-4069-8d47-059594d7fe95.jpg,1,cancer,20.44103937009274
../data/raw/sans_label/0a592d17-b235-4d1f-950d-c90598e5d19e.jpg,1,cancer,20.073531103488772
../data/raw/sans_label/0a648d43-8eac-4a02-a654-e003192e6647.jpg,0,normal,16.09192855453288
../data/raw/sans_label/0a781fe5-1d36-4035-8553-590e618b8ff2.jpg,1,cancer,23.257043601439534
../data/raw/sans_label/0aed155d-d211-4e46-b762-25feff9a042d.jpg,1,cancer,21.56352678165118
../data/raw/sans_label/0b1c07b9-ac3e-4107-8832-5399525f3b1f.jpg,1,cancer,22.169001140940843
../data/raw/sans_label/0b52ef0e-2a70-40c9-902d-2fd6ce8f37bf.jpg,1,cancer,17.065409098952188
../data/raw/sans_label/0b89c970-7727-4316-af01-1b2ea58abecb.jpg,0,normal,20.416528708062696
../data/raw/sans_label/0bc4000a-21dc-4b24-9d43-888d8696b860.jpg,0,normal,19.866067939978127
../data/raw/sans_label/0c2d6a27-24c2-43ff-9743-f080dca7d2aa.jpg,1,cancer,20.52522579082469
../data/raw/sans_label/0c4c60e4-3201-429c-93dd-30c36ef4e2b4.jpg,0,normal,18.99381378557743
../data/raw/sans_label/0c62cd9f-f625-4fc3-8e93-264a2436701c.jpg,0,normal,21.853237643382776
../data/raw/sans_label/0cca1e2e-17f6-4f0d-a3f6-c2af1ca03d8a.jpg,0,normal,22.181361024576855
../data/raw/sans_label/0ccc544b-06cd-4130-9864-0a94a632093b.jpg,1,cancer,23.359301905341585
../data/raw/sans_label/0d525cdf-aa38-4dd1-bc4b-df94ebdad32f.jpg,0,normal,21.555205611848535
../data/raw/sans_label/0de780a4-968f-41d7-9729-af487ddfa1a2.jpg,1,cancer,23.47491251857785
../data/raw/sans_label/0e03c995-5e01-4d93-99bc-24db1ad09cd7.jpg,0,normal,16.613058551929694
../data/raw/sans_label/0e330b05-12c4-46f5-bcc8-edde0faa0b9e.jpg,1,cancer,19.65096566495217
../data/raw/sans_label/0e429956-8bfe-4517-8fe8-be42f0eab341.jpg,1,cancer,21.681929482712103
../data/raw/sans_label/0ed34dbb-a47e-48d9-a528-e67aa13562e7.jpg,1,cancer,23.039152615588456
../data/raw/sans_label/0f0acf02-b85a-4338-9eed-30a6ec0964a8.jpg,0,normal,18.572009811806883
../data/raw/sans_label/0f1671c9-0387-484e-8e31-61e1fe074e7b.jpg,1,cancer,18.30793940673799
../data/raw/sans_label/0f4162e3-e08f-4d7c-b4a9-6241511b0d74.jpg,0,normal,18.096347011788673
../data/raw/sans_label/0f716a6b-8467-459c-bf58-4d34e9439d1d.jpg,1,cancer,21.015392371558907
../data/raw/sans_label/0f8e0e52-d574-48d4-91a4-9bd2ae88b4c6.jpg,0,normal,19.389692046163667
../data/raw/sans_label/101076bc-091a-49ae-bd72-2ca97933f5a9.jpg,1,cancer,22.525572876138163
../data/raw/sans_label/107d8f7a-af33-493c-aed2-895db3dd948f.jpg,0,normal,16.984144584004024
../data/raw/sans_label/10d86392-5ab8-404c-9332-939a323dc8de.jpg,1,cancer,19.968941300826216
../data/raw/sans_label/111a5049-e459-445e-919c-28af38320bd1.jpg,0,normal,18.931170993275032
../data/raw/sans_label/113a89a4-4822-45a2-8bb8-d21c629fac38.jpg,1,cancer,22.214157627308857
../data/raw/sans_label/11698a42-88ac-4e65-8ea8-2e246db28656.jpg,1,cancer,22.136243804620236
../data/raw/sans_label/118bb3c1-4c17-4741-a7f2-b178f838fa6c.jpg,1,cancer,20.351329985849375
../data/raw/sans_label/11f03e5d-e170-46cd-a732-e0a47e31ddd0.jpg,0,normal,21.6588359612064
../data/raw/sans_label/11fbbab2-b71f-43f1-b216-9232232322e9.jpg,1,cancer,19.014688855417564
../data/raw/sans_label/12098862-5468-4b73-b0ae-8c1708d0054f.jpg,1,cancer,23.065485785166793
../data/raw/sans_label/131400bc-ac37-42f8-9e8a-f96e5deae7d5.jpg,1,cancer,18.907546613476047
../data/raw/sans_label/13a6b485-3471-4a4d-b3bd-0d26e374938d.jpg,1,cancer,20.17860827659746
../data/raw/sans_label/140df938-9d81-4fd3-806b-2b429eeb54cc.jpg,1,cancer,20.021181702100016
../data/raw/sans_label/141ef676-419a-4247-af1b-b5635821ba29.jpg,0,normal,18.626624464626296
../data/raw/sans_label/14285322-faf1-4587-8681-b1637e90abe1.jpg,0,normal,21.40312622541774
../data/raw/sans_label/14f9055c-e72f-4d6e-8120-3cabaa1a1911.jpg,0,normal,17.9742418704196
../data/raw/sans_label/15127f32-b7fc-4c5a-9721-c885bfedef71.jpg,0,normal,16.418833561242796
../data/raw/sans_label/153bfc9b-79f5-4e36-b253-78d5a1dd8066.jpg,1,cancer,22.506217384162163
../data/raw/sans_label/1567a15d-5f22-46ca-a77c-cd88ee60b7fd.jpg,1,cancer,23.280558693558294
../data/raw/sans_label/156ff8c8-8941-4692-8d13-a6e19a755277.jpg,1,cancer,21.388836492035786
../data/raw/sans_label/160219f1-5b85-4655-b7ca-038a20164df1.jpg,1,cancer,21.828602385596103
../data/raw/sans_label/1672b52c-2238-4e29-91b7-0be7113b6870.jpg,1,cancer,19.90466294062338
../data/raw/sans_label/16a16991-7c89-47c9-b96d-256ea1566f7c.jpg,0,normal,19.432198401109563
../data/raw/sans_label/16d0e74d-62f5-40d8-8f2f-3ca4752c3203.jpg,0,normal,22.892630025350797
../data/raw/sans_label/16f86049-de6f-44e6-a7f0-5d46a223cee1.jpg,1,cancer,22.11866921838216
../data/raw/sans_label/1734f1c3-dc3a-4130-a94f-9836c8db4458.jpg,1,cancer,21.171034272873484
../data/raw/sans_label/17435d59-0819-4e99-b85a-435e13079291.jpg,1,cancer,22.074812024541913
../data/raw/sans_label/17fa3bf0-3fe1-44ae-b516-d6ef2f23fa48.jpg,1,cancer,18.386182831544797
../data/raw/sans_label/18599c4b-13b7-434f-a6fc-4ab53c41aa95.jpg,0,normal,22.669520979723735
../data/raw/sans_label/189fe672-dc1c-48b9-a4e7-aaa7ebee30f3.jpg,0,normal,23.41426398151773
../data/raw/sans_label/194106ce-8b9a-4a6f-b82d-643f09169c9f.jpg,0,normal,17.12735147051488
../data/raw/sans_label/195f3bcf-ce89-41d8-a330-8fe8389a9a63.jpg,0,normal,19.446489918460223
../data/raw/sans_label/198fc151-a170-4ede-8b54-6a8d66af4741.jpg,1,cancer,21.59784566116208
../data/raw/sans_label/1a308b44-87af-4ff2-8b88-da32c6df05af.jpg,1,cancer,20.06399831554458
../data/raw/sans_label/1a3bf8e3-abb6-4200-b899-c756bee02d81.jpg,1,cancer,22.056736256980635
../data/raw/sans_label/1b9cf459-c862-4782-9464-49f0a37a484d.jpg,0,normal,20.980311993437983
../data/raw/sans_label/1bc063fa-c3ce-44e1-bd90-7e9aab3fee83.jpg,1,cancer,23.36730339947901
../data/raw/sans_label/1be0ace1-a982-4cb1-ba98-7f17518035ca.jpg,0,normal,20.974721976008727
../data/raw/sans_label/1be11da9-3864-4551-b6b3-e5a860d5bc3d.jpg,1,cancer,20.557296844055056
../data/raw/sans_label/1bfd6d5d-3222-4643-8bcb-2aee360b7c0e.jpg,1,cancer,22.126159316316365
../data/raw/sans_label/1c33c5bf-5966-4745-9ba0-1b0b2e724c6f.jpg,1,cancer,19.705335927931813
../data/raw/sans_label/1c4c6352-597e-4e49-8cb3-3e6197d9661a.jpg,0,normal,21.373764399226545
../data/raw/sans_label/1ca0593f-48ae-478a-b80e-6c70b5fc180c.jpg,0,normal,22.900092071560383
../data/raw/sans_label/1cbec944-70f1-415e-a62d-192ca92c0cf9.jpg,0,normal,18.70667332218389
../data/raw/sans_label/1cdb5a0b-e8e5-46b1-a9aa-da15d21d070b.jpg,0,normal,19.048870707455855
../data/raw/sans_label/1cee76e0-5ad8-4ae2-be33-b5779fc7ca5b.jpg,0,normal,21.386022195817578
../data/raw/sans_label/1d9eb250-cca0-4666-834c-640166b27b3e.jpg,0,normal,16.609594810777413
../data/raw/sans_label/1dd22de5-a53a-4697-a3b0-9f24f35fa7e9.jpg,0,normal,18.302847796804762
../data/raw/sans_label/1ddf5fa5-9379-423f-b599-cd9c7e6aa42c.jpg,1,cancer,21.531867769549894
../data/raw/sans_label/1def01bc-1c88-40a1-8c55-e1c748952af2.jpg,1,cancer,20.46409843782486
../data/raw/sans_label/1e7b48e7-c206-4428-ad08-20dc11a6b5a5.jpg,0,normal,20.67713040828587
../data/raw/sans_label/1e88fb67-f3b6-4cd1-a6c0-70ec6c6c3b1e.jpg,0,normal,22.945537936515233
../data/raw/sans_label/1eb51839-c8dc-4410-a22f-548285e2ecdf.jpg,0,normal,20.924373045248856
../data/raw/sans_label/1f34ffca-95a8-40d1-8ce5-daf2d5186c84.jpg,0,normal,20.47822277724611
../data/raw/sans_label/1f43b1d5-d6fb-4da9-b952-153230b3d786.jpg,1,cancer,22.370124591402465
../data/raw/sans_label/1fa28180-7d76-4715-9775-331fc368a61b.jpg,0,normal,19.21612381726793
../data/raw/sans_label/1fa589e0-0d6d-4bd3-9134-961fb3e14f8f.jpg,1,cancer,22.49416626934087
../data/raw/sans_label/1fafde0a-7b47-476d-943e-47b0018d58db.jpg,0,normal,17.245013742575967
../data/raw/sans_label/1fc889f8-e3d2-4483-92d2-4f81bcaefe7d.jpg,1,cancer,23.128392101337724
../data/raw/sans_label/1fca4a00-3eb2-4667-9f39-697ae1480926.jpg,1,cancer,23.06122181194834
../data/raw/sans_label/2003b9d5-b9f6-40c3-b0e1-dd6118850112.jpg,0,normal,18.1748094158672
../data/raw/sans_label/20583523-e96c-48b1-9e05-0f9bd74bcd92.jpg,1,cancer,22.218395618256004
../data/raw/sans_label/20a81a33-5a41-4ea5-8a1c-e6411ad18fad.jpg,1,cancer,23.277231819556253
../data/raw/sans_label/20f6276d-b530-40a1-9000-6fa99c78af38.jpg,0,normal,18.867840324320213
../data/raw/sans_label/210facbb-8d77-4a08-9f8e-f52d0c9872c9.jpg,0,normal,19.503511244352612
../data/raw/sans_label/214ae8cc-6d28-4f2a-8172-7023efb00d06.jpg,0,normal,17.017863375865087
../data/raw/sans_label/21915aea-8e4a-462a-a9f0-f28f88d739a5.jpg,1,cancer,20.74229179643637
../data/raw/sans_label/21ba4389-dd6d-420f-a764-8fec9af826e7.jpg,1,cancer,19.387221406525843
../data/raw/sans_label/21e0f7bc-571d-4917-b59d-94acf6e2ebb6.jpg,0,normal,17.645858558292435
../data/raw/sans_label/224880e9-c10f-4de6-b2f2-32d06dd8a295.jpg,0,normal,20.164096913991084
../data/raw/sans_label/227fd1b8-0717-4aad-839f-606c00e59b2c.jpg,0,normal,22.480901974793472
../data/raw/sans_label/2290b921-dacb-455d-9f85-d91dc2ce5ccd.jpg,1,cancer,22.155974317548075
../data/raw/sans_label/22efad41-71a8-4ac4-8ba7-731a22fc8f0f.jpg,0,normal,23.39471276160408
../data/raw/sans_label/23ca8438-4ed8-44b3-98fc-be7c9ec11e73.jpg,0,normal,20.518118721050573
../data/raw/sans_label/2430d4d6-160d-4b17-b479-6ba9a4181379.jpg,0,normal,20.149124996689874
../data/raw/sans_label/2437d69e-8b9e-41e8-ac0f-06b1b9595cd3.jpg,1,cancer,22.3620407812868
../data/raw/sans_label/246f3294-b91c-47cf-9436-0c214197be2e.jpg,0,normal,19.980424827429314
../data/raw/sans_label/24747dd0-93e1-43bd-b824-15b973b1585e.jpg,0,normal,15.957995853931225
../data/raw/sans_label/24e82706-723d-419a-8f93-519ebabbd8a4.jpg,0,normal,20.40811045118579
../data/raw/sans_label/25262647-af5a-4f96-b728-b440d0e854b5.jpg,1,cancer,22.15326138474757
../data/raw/sans_label/2572db89-6df6-47a4-b395-a834b8541a28.jpg,0,normal,19.134183172869058
../data/raw/sans_label/25e31a25-25eb-4c22-a414-0fb8eae6cf09.jpg,1,cancer,21.68820878149122
../data/raw/sans_label/269f1282-607d-4700-a8fa-3b560422946c.jpg,0,normal,22.24207390114484
../data/raw/sans_label/278518df-2894-4e70-8a6f-96d47064ee24.jpg,1,cancer,21.89524556658746
../data/raw/sans_label/281e0073-c700-4afe-80a6-560e62e13c9a.jpg,0,normal,17.735470528759087
../data/raw/sans_label/2836c6e4-a50e-4f96-a057-33405b18de0d.jpg,1,cancer,20.96561283241699
../data/raw/sans_label/2912ea6b-9800-49be-95bf-43b21cc4d196.jpg,0,normal,22.503872753120238
../data/raw/sans_label/2918e699-5fee-4936-90a8-7e61827ee531.jpg,0,normal,17.423517990180695
../data/raw/sans_label/29db9197-93a5-47c7-bb20-038cf02d25a1.jpg,0,normal,22.09559994601125
../data/raw/sans_label/2a098f48-f13b-462e-9f59-7232cf01db8e.jpg,1,cancer,20.005718599518158
../data/raw/sans_label/2a6017d7-244c-49ae-90f0-f3e5f445d90c.jpg,1,cancer,23.244145866220347
../data/raw/sans_label/2ba54f20-318c-4c04-b110-0ae0b80f60df.jpg,0,normal,17.67104838802127
../data/raw/sans_label/2bc7df2a-1e79-4217-8c1d-8ed01ea05d34.jpg,0,normal,19.65978549675157
../data/raw/sans_label/2c2f3300-5848-4b58-a872-b46d7f8c9833.jpg,0,normal,18.526282808098543
../data/raw/sans_label/2c4fa56e-5827-4398-8d9c-9b7a8ad5b1cf.jpg,1,cancer,22.018613611104783
../data/raw/sans_label/2c6c06be-eb1f-464a-88f8-6f6ad0f639f2.jpg,1,cancer,19.858030811936846
../data/raw/sans_label/2d1efda4-14be-478c-922e-4949e3580eb4.jpg,0,normal,20.307664709385577
../data/raw/sans_label/2daa3746-ce60-4272-a2ea-397e5b761951.jpg,1,cancer,21.646435715601964
../data/raw/sans_label/2e039f72-ee1f-4bef-a7ee-ac814fb510b6.jpg,1,cancer,19.74576594020018
../data/raw/sans_label/2e0fca33-43ed-4b12-b24e-3d232e89c380.jpg,0,normal,19.89595069260151
../data/raw/sans_label/2e255b7b-ccf0-4e3a-95cf-eb4460d5ae85.jpg,1,cancer,21.86238853723799
../data/raw/sans_label/2e851a56-15c3-4063-b004-382142142e97.jpg,1,cancer,20.625021499190805
../data/raw/sans_label/2eadfe64-153b-4bd5-901e-13081fb7255b.jpg,0,normal,17.382919701687264
../data/raw/sans_label/2ebe1d0a-8b43-4ca1-b375-8aad317ab286.jpg,0,normal,23.22053152006244
../data/raw/sans_label/2f0c7977-339e-4e46-b412-c8fd1a8d05b0.jpg,0,normal,22.638758461224068
../data/raw/sans_label/2f75f594-2252-4e72-98a3-19b63f7a8bb0.jpg,1,cancer,23.309175002326086
../data/raw/sans_label/2f8b9176-5606-4628-9a01-8ba1870e4eba.jpg,0,normal,19.462994204518964
../data/raw/sans_label/2fac4138-8d2b-45bb-811b-0f0890b0af58.jpg,0,normal,21.327267148347342
../data/raw/sans_label/3019cc7d-ae57-4887-9d9a-b1b063478a62.jpg,1,cancer,20.52638533492885
../data/raw/sans_label/302226bb-03f5-437b-8f97-f023756010ae.jpg,1,cancer,20.644086748300165
../data/raw/sans_label/30244647-0ef7-459e-b72f-1aafa4b277c6.jpg,1,cancer,20.963673872256557
../data/raw/sans_label/30542835-e44f-4f33-b4ab-2cdaa7095eaf.jpg,0,normal,22.889160723319232
../data/raw/sans_label/3058ed0b-2e00-4383-9cb6-8d425be1d69b.jpg,0,normal,19.90766011276205
../data/raw/sans_label/30c19127-f3e9-421f-9847-dcf07db7d493.jpg,0,normal,20.948466650505395
../data/raw/sans_label/30f4d898-458b-420e-b687-9fd4a12eedcc.jpg,0,normal,15.916403687169606
../data/raw/sans_label/3131e231-a5f8-4a5d-99e2-166cd2bc6122.jpg,1,cancer,17.827244634541312
../data/raw/sans_label/31456af0-7c27-436d-9ca4-d9bb1477ad63.jpg,0,normal,18.63150614275035
../data/raw/sans_label/317c9a6a-1657-4c88-9c01-fb2ea0863b01.jpg,1,cancer,20.09061528451958
../data/raw/sans_label/31a2a5e5-aa2b-423f-ac11-509e43e10517.jpg,1,cancer,23.18131198130774
../data/raw/sans_label/31d0ec8d-0411-438f-9ab2-ac02f0bb5775.jpg,0,normal,22.46849509507814
../data/raw/sans_label/31dfb326-02c8-43d8-9fe9-b71554519dbb.jpg,1,cancer,23.50702142413415
../data/raw/sans_label/31e15e3c-5481-462d-99cb-29091c42cab8.jpg,0,normal,19.172566150757373
../data/raw/sans_label/322e02de-5c43-40b3-ba94-1c8992d000a9.jpg,0,normal,22.615695189076472
../data/raw/sans_label/3274a331-b75d-4a2d-98ef-9a479a6c0bb4.jpg,1,cancer,21.507978784491783
../data/raw/sans_label/32caf3b1-12a7-4479-8100-ba6bc4871c19.jpg,0,normal,21.537253316138944
../data/raw/sans_label/3321576b-367a-4938-8d64-67e51250b119.jpg,1,cancer,21.179410087293945
../data/raw/sans_label/342d6428-161c-44ed-9d64-06bcf5dce28e.jpg,1,cancer,18.68508554530594
../data/raw/sans_label/3439c8c8-38fc-4eee-9cf8-2aa45984ef2f.jpg,0,normal,18.906019167650296
../data/raw/sans_label/3467158c-3697-47f1-a536-52cca45f79c2.jpg,1,cancer,21.88876561133897
../data/raw/sans_label/349a5dee-ae7f-4de8-a34f-b34f593d1b60.jpg,0,normal,16.144041602248446
../data/raw/sans_label/34e338eb-7878-434e-91c2-02c21dd0ef90.jpg,0,normal,22.748799357214445
../data/raw/sans_label/356d690f-490f-45e0-8eef-70159517d826.jpg,1,cancer,22.81590251116869
../data/raw/sans_label/36237878-c00d-4943-9ae5-66858bf5f88c.jpg,0,normal,15.71885185148768
../data/raw/sans_label/363de948-eb0e-44f4-91dd-c2dc770cd908.jpg,0,normal,19.745226899103972
../data/raw/sans_label/36aa97d2-9e9b-4d5a-8b69-ac719d8012e9.jpg,1,cancer,22.4684496640774
../data/raw/sans_label/36d73f55-0c1c-4e0e-8d95-44a7a86f2bce.jpg,1,cancer,20.927316418526026
../data/raw/sans_label/36f49b25-9b44-4539-a281-133ea3b82e57.jpg,1,cancer,22.387502229874958
../data/raw/sans_label/37930978-9a33-452a-9f2b-514a882cfcb1.jpg,1,cancer,22.934724981760972
../data/raw/sans_label/379370a3-44c0-419c-941f-dd99692e70e2.jpg,1,cancer,21.642820447838062
../data/raw/sans_label/391fa099-33ae-4f27-bbbc-248f072a9373.jpg,1,cancer,20.47940364475927
../data/raw/sans_label/39212733-698a-40da-9b79-43ba2eb9917c.jpg,1,cancer,23.208427368190634
../data/raw/sans_label/3a572471-d25c-44a5-a164-1c015e03e655.jpg,0,normal,19.90766011276205
../data/raw/sans_label/3a6c4f41-df0e-4234-aff8-ada90e4a99db.jpg,0,normal,19.254226123276183
../data/raw/sans_label/3afd9d56-d6e9-4d81-bdf7-2ee60e20f366.jpg,1,cancer,23.671011920099563
../data/raw/sans_label/3b9acde3-0830-4ad3-95ac-fd47b5a7f2e7.jpg,1,cancer,22.068289647029847
../data/raw/sans_label/3d044239-3bcc-4511-a52f-c415b51e5f58.jpg,1,cancer,18.320040315162785
../data/raw/sans_label/3d19107a-9578-481b-9063-791dd3c2f06f.jpg,1,cancer,22.609938079031163
../data/raw/sans_label/3d93aeef-b3f6-4b56-a9db-271eb2a012bf.jpg,1,cancer,22.92126789386506
../data/raw/sans_label/3e3bc53d-e0df-450f-b93b-9d3e6060e195.jpg,0,normal,19.6547904686107
../data/raw/sans_label/3efef3cf-866e-477d-8371-ce2de57bdb8b.jpg,0,normal,20.180903320246824
../data/raw/sans_label/3f29902a-53f3-4335-9b45-fea429402145.jpg,0,normal,18.89348591088409
../data/raw/sans_label/3f344776-95e6-403b-9624-08234c01d2c2.jpg,1,cancer,23.153101261988912
../data/raw/sans_label/3f5ace85-69f1-4cad-82d3-2d85ba19c5d9.jpg,1,cancer,21.450636346300506
../data/raw/sans_label/3faa6891-dd9c-41b2-aca3-0b87b22eb6b6.jpg,1,cancer,21.664969046949437
../data/raw/sans_label/40077be9-cf60-4d6c-a01b-6de6bb7cf4c1.jpg,1,cancer,21.049629952271122
../data/raw/sans_label/40a84ff8-47bf-4962-80d1-98ab2bf63a4d.jpg,0,normal,18.486024682734268
../data/raw/sans_label/40b1313e-6c50-488f-9066-bfefc7c5b2e1.jpg,0,normal,21.217519465433686
../data/raw/sans_label/40e7db67-c2e3-4f79-943d-d6ac5b35cf2e.jpg,0,normal,19.202192031653404
../data/raw/sans_label/41360b65-66a4-47c0-a2c6-6db7bb2c6518.jpg,1,cancer,18.12149691598869
../data/raw/sans_label/4167f137-70aa-4295-9237-e6f3d8ddec87.jpg,1,cancer,22.78726613342901
../data/raw/sans_label/420bc65c-4456-45ff-b5b4-19ba112649c3.jpg,0,normal,18.270697265353917
../data/raw/sans_label/4212e469-4106-4e65-bd52-814351f05619.jpg,1,cancer,18.09593300903068
../data/raw/sans_label/4277ef53-5782-4d64-a82d-6b44fbac28db.jpg,1,cancer,19.699559150700562
../data/raw/sans_label/42d9ce05-9a99-4f86-b7fa-807a3f62396b.jpg,0,normal,19.875846782216716
../data/raw/sans_label/438833fd-6e2c-4a08-915e-dd984764fa0e.jpg,0,normal,20.299974896585777
../data/raw/sans_label/43dbbbbc-4970-46ef-8f45-20aec836e19a.jpg,1,cancer,22.763889635769917
../data/raw/sans_label/43e52669-bf1e-468a-a962-e2cb5b258314.jpg,1,cancer,22.578472008390982
../data/raw/sans_label/4424d3a7-1d99-4e69-9e1b-ca4b6f3c9cbf.jpg,0,normal,23.156409397708966
../data/raw/sans_label/444fe6ac-f7e6-47ae-acbb-3a50c39d9c6e.jpg,1,cancer,22.019152768970134
../data/raw/sans_label/4542a953-9f45-49ca-b90b-502fd29732c7.jpg,1,cancer,18.973539808933843
../data/raw/sans_label/45d918bb-f290-4a21-8cc9-a139377498d8.jpg,0,normal,20.82368454139659
../data/raw/sans_label/46718442-5923-4b9f-b2f4-c64d55cdbb7b.jpg,1,cancer,20.486841451341085
../data/raw/sans_label/473788b6-9e8e-449e-82fe-c4f75c13ad96.jpg,0,normal,22.257942092191335
../data/raw/sans_label/4847c338-78a2-4d87-a820-058ce5ebb809.jpg,1,cancer,21.102975417896232
../data/raw/sans_label/48707112-26c5-4351-ba2d-ea391da2c900.jpg,0,normal,20.75750224765248
../data/raw/sans_label/487ce1da-e303-4e8d-bcc4-9e857ad7b982.jpg,1,cancer,23.50325269707426
../data/raw/sans_label/4940c0e4-2564-446d-a31e-49730bace275.jpg,0,normal,21.93121739096329
../data/raw/sans_label/49a9090d-d087-46e5-9309-8a6ba68df5cb.jpg,0,normal,19.362008695852005
../data/raw/sans_label/4a0dcb3d-b143-4a64-8665-d150a0397f9d.jpg,0,normal,23.36962461016276
../data/raw/sans_label/4a4822ad-22e0-4dac-a072-18fe2824cc9f.jpg,0,normal,20.842345224400656
../data/raw/sans_label/4a607152-f955-4c6c-becd-44d73e22988d.jpg,0,normal,18.127534221116125
../data/raw/sans_label/4a84d005-84db-4ce5-81c1-ef1b39b9c219.jpg,0,normal,21.52614962564329
../data/raw/sans_label/4ab4a1fe-973b-4d6f-9efd-3803308a3554.jpg,0,normal,16.609594810777413
../data/raw/sans_label/4b1c65e8-d1c8-46d2-a32f-f47da2f7b33e.jpg,1,cancer,21.025258431984803
../data/raw/sans_label/4bc797d8-30f1-45b4-ae60-1eb83188c8db.jpg,1,cancer,20.507874426086627
../data/raw/sans_label/4beb7ae1-51f0-48f2-bc18-a13500e164ef.jpg,1,cancer,20.473972027569094
../data/raw/sans_label/4c7dd03b-a2d7-4008-9f72-b62d0f958e63.jpg,0,normal,20.00549634320757
../data/raw/sans_label/4d16f5d0-bb48-4571-a231-ed67a5d6dd5e.jpg,0,normal,18.428194792611087
../data/raw/sans_label/4d276aed-3ddd-4af8-a79b-2649a9cfcd2b.jpg,0,normal,21.20804278402851
../data/raw/sans_label/4e485909-c17c-473b-a216-2ff0609db39f.jpg,0,normal,17.088802447379148
../data/raw/sans_label/4ed9890b-5bc7-4467-ae5f-2e10bd59040c.jpg,1,cancer,21.1294118947975
../data/raw/sans_label/4f57aa56-f70c-40b1-bf05-e8b4b5a96665.jpg,0,normal,19.608218527817787
../data/raw/sans_label/4f957598-f192-4dca-863d-f854b6a794a5.jpg,0,normal,21.404811426627536
../data/raw/sans_label/4fc6fd73-542f-4f22-a4c1-db9804334e69.jpg,1,cancer,21.954447711733785
../data/raw/sans_label/4ff209cf-48f8-4f62-a113-e34ca9b65ce2.jpg,1,cancer,21.054622871525666
../data/raw/sans_label/4ff27469-de3a-4025-8ae9-7ca95650115c.jpg,0,normal,18.34041120572229
../data/raw/sans_label/5068407e-c4f6-4d77-9a17-eb936200b368.jpg,1,cancer,22.18753380145526
../data/raw/sans_label/50b98648-0e5b-4fbd-bb2b-bef1be46a55b.jpg,1,cancer,22.395706608588718
../data/raw/sans_label/5161b562-dee2-4274-bfa3-71ee764d2f3a.jpg,0,normal,16.429505627997607
../data/raw/sans_label/51a311cf-b0df-4759-8b4b-0dae8eee2a4e.jpg,1,cancer,20.415167573670836
../data/raw/sans_label/51a964bd-5916-45b8-91ae-81a0635143a9.jpg,1,cancer,21.292409776952532
../data/raw/sans_label/51d94c32-e7d6-4c12-871f-60aa862442fe.jpg,0,normal,18.125102257717565
../data/raw/sans_label/526c8abe-325b-4e72-bff7-3476900bee6c.jpg,0,normal,18.359443225530427
../data/raw/sans_label/52b3b597-7397-4e1c-8e8b-8f8b84af20b7.jpg,0,normal,17.940996402671
../data/raw/sans_label/52cc60ff-dedd-4ed0-be2a-7538d2ed96d7.jpg,0,normal,18.45493721793942
../data/raw/sans_label/52d8deef-b6a8-4772-8a02-be9a7f6b3741.jpg,0,normal,18.663684140431137
../data/raw/sans_label/530336b1-b63c-4693-a842-088374c12d4b.jpg,1,cancer,23.265194050313287
../data/raw/sans_label/531d1c0c-a400-41ea-b3a0-d73f59885416.jpg,1,cancer,23.25914679478349
../data/raw/sans_label/533b4415-879e-490c-b039-eb272938ba83.jpg,0,normal,19.77532529996237
../data/raw/sans_label/5343b736-574c-4a8b-8a26-606a727a3ba2.jpg,1,cancer,21.533983624026025
../data/raw/sans_label/53af10d9-bad5-48ff-ba27-f26153fb11a1.jpg,0,normal,19.869787109150586
../data/raw/sans_label/5408cb44-850a-49d9-8f6e-8e7d7d6ea44a.jpg,0,normal,21.21847169337609
../data/raw/sans_label/553cf3fa-ab91-47b4-98c9-9e6c9f3c964f.jpg,0,normal,21.25222800984196
../data/raw/sans_label/55ff4348-5711-47d8-9482-11fdfae5a64a.jpg,0,normal,17.280791197948865
../data/raw/sans_label/56349c6c-aa8c-49a4-9112-f50938eecfed.jpg,0,normal,17.0406966767065
../data/raw/sans_label/566df089-a010-4e9a-8038-48bafb8d65c4.jpg,1,cancer,19.1520557976621
../data/raw/sans_label/5674a7bf-6fe6-4c43-b574-fdd81608e18b.jpg,1,cancer,20.15566609767447
../data/raw/sans_label/56839f79-a382-40e1-854d-312d7e2e7c11.jpg,1,cancer,23.096791949230624
../data/raw/sans_label/56c4e87b-d26c-4163-aad6-cc18cdb31c4d.jpg,1,cancer,22.584822812381805
../data/raw/sans_label/56dad7f7-9054-468b-9714-10589af74613.jpg,1,cancer,21.528501950790577
../data/raw/sans_label/56f2989c-2983-4d9e-8cfd-2aceae7cad0e.jpg,0,normal,21.993354375501006
../data/raw/sans_label/56f43b5b-e894-4a26-9117-e12b45937248.jpg,1,cancer,22.185971624417157
../data/raw/sans_label/5795682e-91f2-4aa7-917a-55b589fda78b.jpg,1,cancer,19.807404139697933
../data/raw/sans_label/57e77227-39fe-4d00-9419-a6cbdbc33e16.jpg,0,normal,20.102600030427507
../data/raw/sans_label/58cba4ba-db60-4790-af57-466b841a20ce.jpg,1,cancer,20.452523973191763
../data/raw/sans_label/59012ec2-6d1a-49b9-b7d2-91095e72f177.jpg,0,normal,21.22907542856618
../data/raw/sans_label/5a4646c6-3d6e-43db-aab7-1205f7cca59b.jpg,0,normal,20.54477035004122
../data/raw/sans_label/5a989308-5f9a-4528-9323-7a6c6547107d.jpg,0,normal,17.597464772026594
../data/raw/sans_label/5aa75529-97ae-4f97-b1fd-50e0d070ba04.jpg,0,normal,20.080478274030092
../data/raw/sans_label/5aafb393-a10b-430e-b1eb-5a86947c4395.jpg,1,cancer,22.89016348843572
../data/raw/sans_label/5ad5d915-777b-4f36-84a1-2c019a869145.jpg,0,normal,21.836921792581325
../data/raw/sans_label/5b076a83-afe8-4876-a740-9c4671fdf489.jpg,1,cancer,21.215591587012522
../data/raw/sans_label/5b2e35be-2519-4ce5-bf34-3632e6e697e7.jpg,1,cancer,23.0914826998468
../data/raw/sans_label/5b819f6b-dd29-42b7-b4ac-29ef152bf6bb.jpg,0,normal,18.565970864682974
../data/raw/sans_label/5ba37d73-71d7-42f0-9d4f-f5180e6aa90b.jpg,0,normal,19.89595069260151
../data/raw/sans_label/5c13438d-0564-4421-85c6-30d58bc1610c.jpg,1,cancer,19.237968097335347
../data/raw/sans_label/5c3fce72-b187-4488-bbe6-dfa02179e536.jpg,1,cancer,19.738530071139234
../data/raw/sans_label/5c4bac09-ff98-42e0-92d7-39d2795ce655.jpg,0,normal,17.62317352680898
../data/raw/sans_label/5c70c07a-e371-49c9-ae30-2946d0a0d325.jpg,1,cancer,20.22363895545058
../data/raw/sans_label/5c9fe812-4d0a-4c85-b58a-e2e47b731aec.jpg,0,normal,19.05898922717733
../data/raw/sans_label/5cab86f2-5334-48fa-89b8-29ec76dc8e0e.jpg,0,normal,20.79810190178332
../data/raw/sans_label/5cd3ab20-9d14-41b8-a8f6-6a4656ff6037.jpg,0,normal,20.03094640374169
../data/raw/sans_label/5d54c255-27b9-4656-9450-b0482579555a.jpg,0,normal,18.106754830526214
../data/raw/sans_label/5d67d159-6e50-4a5e-a3ce-aa87c190d358.jpg,1,cancer,22.656819044522244
../data/raw/sans_label/5d9c556c-ccf4-4960-a0c4-3fd6a3043fac.jpg,0,normal,15.51511950128232
../data/raw/sans_label/5dd5c97a-611d-4503-b61b-41e0c3392f01.jpg,0,normal,19.632768552737037
../data/raw/sans_label/5ddcb581-7e49-4d44-9cb0-ff728b2a0742.jpg,1,cancer,22.976388131396043
../data/raw/sans_label/5e0830ef-ca21-4640-9a17-5e696db5efa6.jpg,0,normal,16.747757508699458
../data/raw/sans_label/5ea43909-09a1-45a8-9d03-f3b9df576090.jpg,0,normal,19.54226913320402
../data/raw/sans_label/5ecb0070-73d9-4e69-b95b-270db8ae3c2c.jpg,1,cancer,19.539749104213545
../data/raw/sans_label/5ed35eaf-bdfa-452f-b7b7-85217d1ca78f.jpg,1,cancer,22.873350322353446
../data/raw/sans_label/5ee07b35-5f1b-4871-986f-9890511a6459.jpg,0,normal,20.88855116140065
../data/raw/sans_label/5f4659b2-668e-4f60-829f-b8157dcc15fd.jpg,0,normal,21.581242809068662
../data/raw/sans_label/5f4ed338-616e-43d7-b2a6-da67f4cdde5e.jpg,1,cancer,23.32802827149904
../data/raw/sans_label/5f4f7c1c-0ad6-4826-9a96-0c264d5f4b07.jpg,0,normal,18.415531769798093
../data/raw/sans_label/5f80fa29-e2a3-4897-ac4e-d3ec50b42898.jpg,0,normal,21.87078263519135
../data/raw/sans_label/5ffa1008-2645-4ca8-be18-8802c305e59a.jpg,1,cancer,21.518658098618484
../data/raw/sans_label/60bee275-9a87-48eb-a18d-c2eb53ccc30f.jpg,0,normal,22.042446912960553
../data/raw/sans_label/60fc769c-658f-448d-b704-74364e12ad05.jpg,1,cancer,20.441545812993027
../data/raw/sans_label/61174d39-5271-4b15-9aec-431ab38d982d.jpg,1,cancer,20.274803502122353
../data/raw/sans_label/611cdb80-2293-4ba6-8b32-7d2943a1bb17.jpg,0,normal,21.93000285108044
../data/raw/sans_label/6127ee10-688a-4e71-9b84-e80719bf4ef8.jpg,1,cancer,22.390502515457072
../data/raw/sans_label/61573140-5d9f-4678-96d9-2edd5b17cfe5.jpg,0,normal,20.60136052656414
../data/raw/sans_label/615bc32b-fc75-4e88-8218-185988721a2b.jpg,1,cancer,23.342263402020688
../data/raw/sans_label/61c75b00-ab30-4af7-9017-e4d2c000ec79.jpg,0,normal,19.13082498524952
../data/raw/sans_label/62125f5d-8ac3-48a7-851b-ea7dde08bc50.jpg,0,normal,22.56264994320366
../data/raw/sans_label/622159c6-bf81-4300-82ac-ec4583143d51.jpg,0,normal,20.180903320246824
../data/raw/sans_label/62acd743-0555-4bb9-b26d-c4c8f09409f3.jpg,1,cancer,19.562567146618722
../data/raw/sans_label/62bfdf9a-a52d-4601-bd89-5da0b9b31447.jpg,1,cancer,21.755400987847782
../data/raw/sans_label/62c94be8-7c39-492e-b536-c5251beb12f3.jpg,1,cancer,21.27164109818221
../data/raw/sans_label/63297907-41e2-4a9f-90a2-4343f07a1580.jpg,0,normal,17.911747705358263
../data/raw/sans_label/63493130-2687-4ed7-90a0-c5f26adad303.jpg,0,normal,20.51396869495597
../data/raw/sans_label/6387d2ce-33c0-48d1-90f4-720f19382f62.jpg,0,normal,18.942767863933824
../data/raw/sans_label/63f74ae7-15f3-40e6-90f8-850dd20dbb70.jpg,0,normal,18.986005783097575
../data/raw/sans_label/64621ec7-b7c0-49ab-80d4-effba160d22c.jpg,0,normal,19.561097302651714
../data/raw/sans_label/647895dc-e736-4a30-bc1b-71c5b3065b17.jpg,0,normal,17.683447180602304
../data/raw/sans_label/65305eca-4322-433d-8b85-018e7f3b76c8.jpg,0,normal,22.16557293907948
../data/raw/sans_label/65444b52-e69f-4a86-9a26-68ed2bf6addf.jpg,0,normal,16.83108994647973
../data/raw/sans_label/65d5aca4-a25f-4fa8-9b48-c5c46fadbf7a.jpg,0,normal,20.135980556946418
../data/raw/sans_label/6617f4da-4eff-47cd-b82b-e805cf91133f.jpg,0,normal,19.389692046163667
../data/raw/sans_label/66787dcb-65fc-465b-99f8-a5f3df43de8f.jpg,1,cancer,20.96573474518573
../data/raw/sans_label/6691bbb0-a19f-4ac0-abb6-5614543e173e.jpg,0,normal,18.302651359991565
../data/raw/sans_label/67236d73-599f-4892-962a-dce0a9385dfa.jpg,1,cancer,19.04830311994501
../data/raw/sans_label/6756262e-9803-41a3-97ed-89deab377693.jpg,1,cancer,23.250115120776307
../data/raw/sans_label/67722cde-ef60-48a0-8509-4fb75a2528b3.jpg,1,cancer,23.372270258829964
../data/raw/sans_label/679bb091-0f65-45dc-9947-9209c0e02c75.jpg,1,cancer,23.30341976718074
../data/raw/sans_label/67e3f880-94e9-42cc-bb99-5bba6b4bffcd.jpg,1,cancer,23.248940481879384
../data/raw/sans_label/6825eab8-f17c-4521-a5b7-818729c0c5d9.jpg,0,normal,16.410618225842338
../data/raw/sans_label/68b3a1ed-7cc5-4267-bd56-f043506b7f77.jpg,1,cancer,22.267749329045163
../data/raw/sans_label/68c5d327-c169-40d6-b3e6-f0e2f1b3d61b.jpg,0,normal,18.289915813403088
../data/raw/sans_label/68dec09a-7f1c-40e7-94f6-ca2c39073794.jpg,1,cancer,22.526169092046192
../data/raw/sans_label/694f4feb-433e-458a-8112-64c143ad8193.jpg,1,cancer,22.942718468155867
../data/raw/sans_label/69bbe849-f752-4ee7-890f-6bbba6638e28.jpg,0,normal,19.217543326785183
../data/raw/sans_label/6a7044e6-3c4d-4116-a9a3-30cba4d29631.jpg,0,normal,20.757322906017702
../data/raw/sans_label/6ac0eeae-9e1f-4553-9697-c6d1720fe07a.jpg,0,normal,18.993322209180832
../data/raw/sans_label/6b0fca63-8a4d-42e1-9868-88574caae98b.jpg,0,normal,19.43233619313775
../data/raw/sans_label/6b28f672-9bbc-4716-98bc-ceae9b69fb7f.jpg,0,normal,22.007314778790004
../data/raw/sans_label/6b833c30-ad0c-4c8d-9c9b-1561f44af830.jpg,1,cancer,20.785774000395797
../data/raw/sans_label/6bca1868-78e1-4fdb-8529-1dc544531537.jpg,1,cancer,21.68145154237014
../data/raw/sans_label/6c2d1073-be0a-4fe8-b93f-2b6fdcbaa1ec.jpg,0,normal,18.255366490457106
../data/raw/sans_label/6c2fefb9-b272-4ac9-ad8a-9ff7392fff20.jpg,0,normal,20.558958054563732
../data/raw/sans_label/6c4e751a-c8c2-41f6-914b-81e86cf46ae1.jpg,0,normal,16.70254537316965
../data/raw/sans_label/6c6496bf-be83-40ac-90b3-3ae38c62e8ca.jpg,1,cancer,19.55859784362452
../data/raw/sans_label/6c972558-ea9f-40d6-81a5-462f6027c0c7.jpg,0,normal,18.77780669200347
../data/raw/sans_label/6cc3a22b-54d0-4463-b7e1-fc7ea98b8deb.jpg,1,cancer,17.926058695094767
../data/raw/sans_label/6ce8de0b-3ea8-4ad9-85a5-245ea0d1405c.jpg,1,cancer,21.06802656618287
../data/raw/sans_label/6d2bc111-d038-4d58-9fab-207791cf729b.jpg,1,cancer,22.597518702629785
../data/raw/sans_label/6d2dd6dd-cb52-449f-b878-be06d24c6f45.jpg,0,normal,19.317802623578697
../data/raw/sans_label/6dd0426f-3cef-4af4-8327-69f724b587d8.jpg,1,cancer,20.013771077352935
../data/raw/sans_label/6decc05c-06d4-4f89-98e7-ac6683d105ff.jpg,0,normal,19.43233619313775
../data/raw/sans_label/6e0979a9-aef4-4745-bc30-8a507398da26.jpg,0,normal,21.925898069130604
../data/raw/sans_label/6e68cea0-c10d-4ff0-aa2a-78e336061119.jpg,1,cancer,23.723118053670255
../data/raw/sans_label/6f10035d-1478-441a-8129-b0c4c119615d.jpg,0,normal,20.27335995615908
../data/raw/sans_label/6f5076f7-0726-4902-a8f9-e6ae2d73d300.jpg,0,normal,20.72995483380962
../data/raw/sans_label/6faf8336-a090-44fa-9199-4e861c75fd99.jpg,0,normal,22.846221066637003
../data/raw/sans_label/6fd760c2-e08a-47de-a044-7934ef77f8f7.jpg,0,normal,15.363770524893779
../data/raw/sans_label/70727332-b9d9-4641-9ee2-1c74a56740ad.jpg,0,normal,19.97936593775017
../data/raw/sans_label/708af38b-75da-45bd-ba05-0cb43554bce7.jpg,1,cancer,23.681869544579435
../data/raw/sans_label/70a8c350-f1f7-4f3c-a258-04e128d81fd5.jpg,0,normal,22.46950774066264
../data/raw/sans_label/711759be-1114-4151-8738-f4196ea00d40.jpg,0,normal,19.254226123276183
../data/raw/sans_label/71334459-58f0-4373-8805-6100e6d9b5ed.jpg,0,normal,23.493703538404734
../data/raw/sans_label/719fe13a-5fe3-49ef-9eaf-b29b372314e2.jpg,1,cancer,20.563795170042802
../data/raw/sans_label/71cc7faa-cfeb-4929-83dd-873d5853f05b.jpg,0,normal,21.122630604871965
../data/raw/sans_label/72d3d361-d735-460b-baa5-97c6c5a089c8.jpg,1,cancer,20.59563080380393
../data/raw/sans_label/7308f105-d60e-40a8-a0d2-6416566053ca.jpg,0,normal,20.473342683919494
../data/raw/sans_label/7342eecc-d717-4e59-92f9-b0d2df943564.jpg,1,cancer,23.503618047180268
../data/raw/sans_label/73a64487-fd49-49da-a71d-2ebf834ddfc3.jpg,1,cancer,20.815993867616903
../data/raw/sans_label/73be5c72-4e3c-45c2-9e60-b710ba23c1f8.jpg,0,normal,20.736343423067154
../data/raw/sans_label/73bf0a45-591a-40a5-a046-75cb928eeb71.jpg,1,cancer,19.268988919582394
../data/raw/sans_label/73c7dece-6cf7-419d-9879-0c029dbaea7d.jpg,0,normal,23.14949260328499
../data/raw/sans_label/74486ecc-2beb-460d-89cb-50880e1a3daa.jpg,0,normal,23.21112348927729
../data/raw/sans_label/744e73bc-29c6-4116-9236-785d2c4091b4.jpg,1,cancer,22.22521865173722
../data/raw/sans_label/74f8ba3b-c1f4-4d7c-9fac-70848ca6a270.jpg,0,normal,18.880544532531797
../data/raw/sans_label/75023beb-d35c-4d49-a65c-db402532043d.jpg,1,cancer,22.32015291493888
../data/raw/sans_label/754b5cb9-275c-43ac-943d-790d31e374c6.jpg,0,normal,18.94288971451421
../data/raw/sans_label/755bc290-c99a-4898-b252-23d37614ee88.jpg,1,cancer,21.616950811571197
../data/raw/sans_label/75768de5-6cf1-4f8c-93e4-d245683c5e00.jpg,1,cancer,20.682847044325996
../data/raw/sans_label/75ee0f44-658d-4ae6-908f-3097b64e0cc4.jpg,0,normal,20.159449934301698
../data/raw/sans_label/765b8c3b-d651-4758-9106-736d11ea60c0.jpg,1,cancer,21.248355254856417
../data/raw/sans_label/76942237-22f7-472b-9bb1-ce4543ac5013.jpg,1,cancer,21.200879221851803
../data/raw/sans_label/76a872d5-952d-4aac-863e-0403e82e1448.jpg,1,cancer,22.204012432144776
../data/raw/sans_label/775a7d3f-98ab-4b64-a6fe-84e280a3480c.jpg,0,normal,19.11686158486001
../data/raw/sans_label/77fbfa99-d6d8-4730-bf39-8eee7e6f5746.jpg,1,cancer,20.788257449073484
../data/raw/sans_label/781965e8-8a71-434a-931c-a9c2a550570c.jpg,0,normal,17.639029590699078
../data/raw/sans_label/78567fae-a1d9-46db-a7f1-e5c919ae5baf.jpg,0,normal,16.0339035718801
../data/raw/sans_label/78ce4bc8-903c-49e5-91e2-2a7ca88bc95c.jpg,1,cancer,22.95441524101105
../data/raw/sans_label/78ebd406-e28f-464f-8dd2-b0bdc6906e29.jpg,0,normal,19.67884963017035
../data/raw/sans_label/796983b7-b25c-4d49-ba3a-dc77889f3d41.jpg,1,cancer,23.045029940970927
../data/raw/sans_label/79719c62-efcc-4dcb-b6e3-e4112378795e.jpg,0,normal,20.96172818909076
../data/raw/sans_label/79b39b94-655d-44c1-869f-1dd073736ee2.jpg,1,cancer,23.16059217890062
../data/raw/sans_label/79d14e3a-3486-4342-92a7-65d1b41cb3d6.jpg,1,cancer,21.48530460630942
../data/raw/sans_label/7a3d08fb-b6a9-4afa-816e-d8efef8ef1cb.jpg,0,normal,18.32272964743767
../data/raw/sans_label/7abc9f6b-ba4f-45cb-8c25-0cb1bd583e6b.jpg,1,cancer,20.368703138981367
../data/raw/sans_label/7c00276a-0708-4b7b-9035-43d973c8d174.jpg,0,normal,19.545703453951898
../data/raw/sans_label/7c41e40d-4e72-472c-8da0-b2ce9d642203.jpg,1,cancer,19.07846225067844
../data/raw/sans_label/7c7b10b9-fede-44f1-808d-691e4abf9501.jpg,0,normal,20.871570821177475
../data/raw/sans_label/7d258fda-1121-4de6-8463-9ea87d01c71b.jpg,0,normal,17.484555186612436
../data/raw/sans_label/7d5333ae-3fe6-414f-b14f-0a1185927b13.jpg,0,normal,20.420368322942828
../data/raw/sans_label/7d566399-8a85-4fec-bb32-00e5bb3101ac.jpg,0,normal,21.80456725839348
../data/raw/sans_label/7e79b591-17a1-4687-aeff-f11849221fab.jpg,0,normal,19.04386763884825
../data/raw/sans_label/7ff11209-fd8e-412f-935e-aaf635a25afa.jpg,0,normal,16.98372167896427
../data/raw/sans_label/7ff5b20e-903d-4579-a36f-237da34815a6.jpg,1,cancer,21.212280075424818
../data/raw/sans_label/8003f8a0-800d-41e3-98b6-4e69681b9a53.jpg,0,normal,22.883470493204896
../data/raw/sans_label/8131dd8a-544c-47cb-b780-a970a3c6de3d.jpg,1,cancer,23.287499229920943
../data/raw/sans_label/81340784-52dc-4672-80aa-d3a2e01d1023.jpg,0,normal,22.228900128521595
../data/raw/sans_label/814776f9-97b6-4fd4-811e-d3bc41916bc0.jpg,1,cancer,21.478046669934567
../data/raw/sans_label/8162c9e5-bae6-4c9c-8091-2e78b1d15cbf.jpg,0,normal,19.34288312595331
../data/raw/sans_label/8171df9c-3845-4112-892f-c6fb1961dd00.jpg,1,cancer,19.620603322084936
../data/raw/sans_label/824b1cb2-f810-4bf3-97cc-6a6da787a38d.jpg,1,cancer,20.1020787844499
../data/raw/sans_label/827650e1-dd86-4dc9-a3e0-1483686c5c4d.jpg,1,cancer,18.80739624166624
../data/raw/sans_label/82903e03-950e-4a82-acde-768e5604b1d2.jpg,0,normal,23.613255659077865
../data/raw/sans_label/82cac4d5-364b-45a3-b718-b605fe25a9a9.jpg,0,normal,21.68126908707413
../data/raw/sans_label/8402b146-e427-4bba-9459-30d128dafd92.jpg,1,cancer,22.346823454487648
../data/raw/sans_label/8411d424-f38c-497c-aeab-30213125a487.jpg,0,normal,22.062008557222274
../data/raw/sans_label/8411efde-077b-4888-9017-55a3c1848399.jpg,1,cancer,21.041822800277245
../data/raw/sans_label/8495307e-e6a0-491e-a810-cca61958f4b2.jpg,0,normal,22.735729713388377
../data/raw/sans_label/84e695d7-b3b6-4478-950b-8adb3128b4fb.jpg,0,normal,18.423498405494335
../data/raw/sans_label/84edcdd6-224b-409c-a4f2-57754d14c097.jpg,0,normal,20.383872696439308
../data/raw/sans_label/84f0c6e3-ecc5-455b-843c-00145df2fe4d.jpg,1,cancer,21.032450282893155
../data/raw/sans_label/851ba783-ca6e-434f-a0d7-6bf1511f4658.jpg,1,cancer,22.828546464275764
../data/raw/sans_label/85d9cafc-64f4-4588-8300-7ddfc00e90fd.jpg,0,normal,23.027743365754898
../data/raw/sans_label/85fc3030-a496-4b23-883c-421778bb8905.jpg,1,cancer,22.20402258806201
../data/raw/sans_label/8632a815-073d-4a94-a604-db098ad44b37.jpg,1,cancer,23.69162104357695
../data/raw/sans_label/864095dd-21ec-49e6-8d1b-63a01e980a4e.jpg,1,cancer,21.64331762971535
../data/raw/sans_label/8694ce78-284d-4e82-8c9e-9f90d1efd760.jpg,0,normal,20.51249818362158
../data/raw/sans_label/8757de5e-a7df-4668-bf5a-547e22d4533a.jpg,0,normal,19.918316586947466
../data/raw/sans_label/87caab74-b3e2-422b-af3a-0b253c9966c2.jpg,0,normal,20.726024933777122
../data/raw/sans_label/87f7365b-7192-4eac-bd2e-37068ee8cdb7.jpg,1,cancer,20.407850371905514
../data/raw/sans_label/885b0c52-8257-4511-bb61-5b773eec462e.jpg,0,normal,16.134446240189835
../data/raw/sans_label/8885fcc6-68de-4743-985c-8cc88d02a579.jpg,0,normal,18.131506950195654
../data/raw/sans_label/889363d2-fac2-4e56-b66f-effdfa47ed0c.jpg,1,cancer,19.664559169426735
../data/raw/sans_label/88d5e066-3735-4d6d-b729-de99cd014914.jpg,1,cancer,17.650397473183002
../data/raw/sans_label/88fe5aaa-5b35-47e3-a28a-0b57fc9acabc.jpg,0,normal,21.122037357898602
../data/raw/sans_label/89503f10-1f72-4fec-8769-2347375e9b36.jpg,1,cancer,21.865265610531154
../data/raw/sans_label/898c7fe5-19a1-4f37-9f4c-d5dd3edd1c84.jpg,0,normal,20.122187272094454
../data/raw/sans_label/8ad33b63-716b-44fd-b0d4-6024718a408f.jpg,0,normal,19.94176079959338
../data/raw/sans_label/8adca915-7158-4d8e-8263-8d9cda2a5668.jpg,0,normal,20.60952872998424
../data/raw/sans_label/8aff78cb-bf70-4b9a-85cd-4b1036ba22cc.jpg,1,cancer,20.04912234679798
../data/raw/sans_label/8b1acb43-eab8-4657-966c-d34aeecae4af.jpg,1,cancer,22.763757057598806
../data/raw/sans_label/8b22e623-fe9a-48de-a8a9-326baf91af63.jpg,0,normal,22.334510762843657
../data/raw/sans_label/8b3d8a6a-0421-4824-ae1e-1f1d407fa5bc.jpg,0,normal,20.42351723818465
../data/raw/sans_label/8b41163a-f3c8-41da-a113-bdef549a0ce0.jpg,1,cancer,19.02364253513927
../data/raw/sans_label/8b53b691-5bff-4dc5-8257-1116fac1509a.jpg,0,normal,19.495126216680262
../data/raw/sans_label/8b9372c0-1cc2-4d55-b4cd-53cc82184050.jpg,0,normal,22.716570420168747
../data/raw/sans_label/8bcb5cdf-2ef4-4b5a-8db2-4c9d3f851d41.jpg,1,cancer,21.559874807801318
../data/raw/sans_label/8c26875f-0282-44f9-9cc0-b8a7a9679098.jpg,0,normal,17.600767271362795
../data/raw/sans_label/8c3b108d-9340-4274-b434-9c5346580098.jpg,0,normal,20.998524761000606
../data/raw/sans_label/8c4761d3-28d0-483c-8d75-7e4facf21fbb.jpg,0,normal,16.89787262134008
../data/raw/sans_label/8cd4ed59-139f-4290-8455-05132107b115.jpg,0,normal,17.285786941585794
../data/raw/sans_label/8d10d414-a4aa-49df-ba2a-8f29cad2c785.jpg,1,cancer,20.405668917678117
../data/raw/sans_label/8d29f6c5-5f88-441c-b998-f844a8dc040d.jpg,1,cancer,20.85849352852476
../data/raw/sans_label/8d4ed6ef-64c7-40df-b895-4186381f4c2b.jpg,1,cancer,20.028284935144008
../data/raw/sans_label/8d64b9fd-9f65-4814-aa6e-e94a7c47550b.jpg,0,normal,21.122037357898602
../data/raw/sans_label/8d700c36-24aa-4b10-9f65-c988ad4cb3ab.jpg,0,normal,17.094030761476155
../data/raw/sans_label/8d7764f5-9631-4678-a5fb-88281fe1aa45.jpg,1,cancer,19.549672800596504
../data/raw/sans_label/8d77b9ed-0a15-4521-84a1-088073e8ac47.jpg,0,normal,16.69980569784333
../data/raw/sans_label/8e403e4c-9a8d-4dc8-8892-f692aec2e765.jpg,1,cancer,22.979414274405936
../data/raw/sans_label/8e4d9f11-5d50-4942-98f8-50458fd0974c.jpg,0,normal,20.032018189976107
../data/raw/sans_label/8e80545b-1752-43fd-83dc-e5896bbc5879.jpg,1,cancer,22.24598581315708
../data/raw/sans_label/8f20b4bd-abce-44a7-914e-d0c4e22a09d9.jpg,1,cancer,20.13438799544887
../data/raw/sans_label/8f3552d6-9507-4303-aaf2-9e296c0232b1.jpg,1,cancer,20.954494672258765
../data/raw/sans_label/8f8c56f6-cedd-4112-b2bc-d9e1709500f9.jpg,1,cancer,21.777415251234114
../data/raw/sans_label/9122ff1e-376e-4ea1-a334-7874c4697b8e.jpg,1,cancer,20.9996702771574
../data/raw/sans_label/914a70d9-40db-41d8-ab37-0532ceeee264.jpg,1,cancer,19.24208613731061
../data/raw/sans_label/92100fd8-bdbd-49a3-bf65-3f66201a4f35.jpg,0,normal,19.436365158940117
../data/raw/sans_label/921c9dea-28b4-48b6-bc28-111bc8d97291.jpg,1,cancer,21.49224749721785
../data/raw/sans_label/9238593a-ba0b-440f-b966-682605fe76ac.jpg,1,cancer,20.481205692652146
../data/raw/sans_label/92f7087b-c5ca-46f8-9f12-72ae7b6a438c.jpg,0,normal,18.89222482293742
../data/raw/sans_label/9382e987-3df2-465a-8486-e696e4eeabfe.jpg,0,normal,22.834349067240208
../data/raw/sans_label/94585a90-5f11-47ea-9561-450208426722.jpg,0,normal,16.091045225319526
../data/raw/sans_label/9529bbba-150f-43eb-b28a-e80894439090.jpg,0,normal,16.99114201968205
../data/raw/sans_label/95be2f40-afeb-4e3a-96e0-81951a7f3a14.jpg,1,cancer,23.148638426511077
../data/raw/sans_label/95f9cab6-25fa-4b75-a824-d41b9e13bd61.jpg,1,cancer,23.576829501585284
../data/raw/sans_label/961b009d-5d96-4e49-8e0a-f31014c0aedb.jpg,1,cancer,23.646687130850683
../data/raw/sans_label/96dbf0e7-2219-4a39-b4f0-c6b8eab1f833.jpg,0,normal,22.07962276143073
../data/raw/sans_label/977aebd7-dd30-49b0-9a22-51a3dcaf0cb1.jpg,1,cancer,22.823303685142466
../data/raw/sans_label/978715e7-db82-4910-a952-40498744ae1e.jpg,0,normal,20.993486530308022
../data/raw/sans_label/98928722-3d12-4a82-a5d9-16c6b6b65eb3.jpg,1,cancer,22.24493218580397
../data/raw/sans_label/98a27014-e5ce-4fee-a65f-1b24a24a803e.jpg,1,cancer,19.116843162014362
../data/raw/sans_label/9910a342-b82a-40e3-af17-13e22971b18f.jpg,0,normal,20.351154396778224
../data/raw/sans_label/992ac932-5fd5-46bd-8587-9f8ce8004765.jpg,1,cancer,19.190953859432874
../data/raw/sans_label/995b70f4-c2b6-4aad-a523-e45d83636997.jpg,1,cancer,21.94118764039342
../data/raw/sans_label/9b04b6c2-79c4-4837-9199-8b4104224743.jpg,0,normal,21.683421901705678
../data/raw/sans_label/9b2736c3-5b1b-45fd-ba9b-b1b64228e999.jpg,0,normal,18.186867517745835
../data/raw/sans_label/9c36dc3a-874d-4f12-957a-c5733f3ff4da.jpg,0,normal,21.82547942802546
../data/raw/sans_label/9d34d3c6-d14d-4c5d-b2dd-6798af15e3a1.jpg,0,normal,22.02377794246755
../data/raw/sans_label/9d438e7a-cc56-4688-995a-9af082b8ee1f.jpg,0,normal,22.968224822613838
../data/raw/sans_label/9e156348-a54a-47bc-8da0-c7f8ab8dc6db.jpg,1,cancer,22.975249103627327
../data/raw/sans_label/9e3c9103-8fa7-4fa6-b253-30babf2718fc.jpg,0,normal,23.658223165151842
../data/raw/sans_label/9e6efb0c-a87a-4c26-bcc0-263957bee67b.jpg,0,normal,19.25059261268597
../data/raw/sans_label/9efacc2b-7386-4c99-a3fb-22082c0b91bd.jpg,1,cancer,22.690823841993794
../data/raw/sans_label/9f4332e0-5d98-4ce4-8ce5-c713eacc0081.jpg,1,cancer,22.868294838614133
../data/raw/sans_label/9f94cc07-eb10-48d4-aebe-c88327765a74.jpg,0,normal,17.737805244058766
../data/raw/sans_label/a04979a3-848c-4019-9fac-dd294519b75d.jpg,1,cancer,18.544040644911526
../data/raw/sans_label/a0527877-e057-4aad-b285-3c19c94a3534.jpg,1,cancer,21.531337400265066
../data/raw/sans_label/a0982775-75fb-4f4a-b955-530a0d59ad61.jpg,0,normal,20.23458481145164
../data/raw/sans_label/a152b48e-a831-4ff4-8868-3d870eba4a7f.jpg,0,normal,19.89595069260151
../data/raw/sans_label/a1841a10-a43f-45b8-8f43-4acc3d2f1f4e.jpg,0,normal,19.959223658913572
../data/raw/sans_label/a213ec08-5323-4cac-b2f7-7a8cd7dad21e.jpg,1,cancer,21.058434301626
../data/raw/sans_label/a249a282-e855-44d5-8759-476934b332fb.jpg,1,cancer,23.00432287230297
../data/raw/sans_label/a24e6a4f-5dca-498f-9329-1e6cfe84b131.jpg,0,normal,20.885918075850153
../data/raw/sans_label/a255736e-214b-4b79-8de1-b41896126278.jpg,0,normal,22.717858883992008
../data/raw/sans_label/a2662c2f-32e2-490d-aece-f0aab3577c95.jpg,0,normal,20.06050804352904
../data/raw/sans_label/a32947a4-5d48-47b3-ac14-29dc8810e9c0.jpg,0,normal,19.462778663992392
../data/raw/sans_label/a3337a5a-2572-42d5-b94d-737da22ff3a9.jpg,1,cancer,21.27306470451585
../data/raw/sans_label/a3625935-0405-40a2-b406-1c412fffc7f3.jpg,0,normal,20.076156564514207
../data/raw/sans_label/a3e38644-10d6-43b0-bac5-1847580bc89d.jpg,0,normal,19.008602711131086
../data/raw/sans_label/a3f72a5f-00ea-4e2c-9ca8-4a67db544f50.jpg,1,cancer,21.6173427464842
../data/raw/sans_label/a49abbe4-ae77-4c42-b77d-3a09ddc78f06.jpg,1,cancer,23.670698007042372
../data/raw/sans_label/a51d702b-501d-4cbb-823d-11ece157fe4f.jpg,0,normal,19.254226123276183
../data/raw/sans_label/a5f5a148-0ad8-489e-9ebb-fc854a3d1609.jpg,1,cancer,21.530455234027453
../data/raw/sans_label/a6a3b83f-47e0-499f-b71f-8d495ec1c17f.jpg,1,cancer,22.454386225522533
../data/raw/sans_label/a6eedd89-85a6-417e-b126-70ea9a7c5878.jpg,0,normal,18.73659826780765
../data/raw/sans_label/a7229906-e5cd-4ae0-9762-f12dbf1a65c7.jpg,0,normal,23.54671792526774
../data/raw/sans_label/a74cd797-2401-44e9-b29b-e3e125c8e148.jpg,0,normal,18.986005783097575
../data/raw/sans_label/a7666642-0f25-4334-84c0-75833f969748.jpg,1,cancer,23.21086671438235
../data/raw/sans_label/a77a60c2-a281-456a-9cbc-abff11eb4ecd.jpg,0,normal,21.470456046973414
../data/raw/sans_label/a7d3098c-d265-4ae3-92a2-f5434f20a9e4.jpg,1,cancer,23.70163700661091
../data/raw/sans_label/a8e2d57e-39b3-495c-a585-b2d2d14e0cf3.jpg,0,normal,22.005984014947103
../data/raw/sans_label/a941b1d0-6a6c-4957-843e-2cc48011a512.jpg,0,normal,18.82628298099907
../data/raw/sans_label/a94640dc-32e9-4842-ae35-28769b867234.jpg,0,normal,16.09192855453288
../data/raw/sans_label/a99cffba-c2d8-422b-9ef7-87390609ce8f.jpg,0,normal,17.99134415587855
../data/raw/sans_label/aa237812-9888-464b-8331-cc9b67fc76d4.jpg,1,cancer,23.195847509791086
../data/raw/sans_label/aa3c3d81-b7c5-4f1a-8c26-416bb1e98959.jpg,1,cancer,20.758877085893797
../data/raw/sans_label/aab772d0-24a3-4227-8c9b-384f29e2b522.jpg,1,cancer,20.853743260433546
../data/raw/sans_label/aac0bd5e-11a8-44c3-8919-4908a7fe2dce.jpg,1,cancer,22.53449021921614
../data/raw/sans_label/ab0e7755-33af-44b9-81bd-bc82b31aee1e.jpg,0,normal,23.02952174576525
../data/raw/sans_label/ababc0c0-83f6-4a4a-93c6-ecc9600659f8.jpg,0,normal,21.918227084007277
../data/raw/sans_label/abbb32f3-2e41-40b7-9dcf-74cc277e422b.jpg,1,cancer,21.48290003576127
../data/raw/sans_label/ac2dfb66-a006-4e9a-a0c9-3a126d7278c4.jpg,0,normal,19.714193225779642
../data/raw/sans_label/acad871f-9572-4f2f-b29a-eed3823f2290.jpg,0,normal,22.57359182378848
../data/raw/sans_label/acb02192-02e1-437d-8c18-caee543a6a91.jpg,0,normal,19.93889707557763
../data/raw/sans_label/acd40feb-efc6-453d-befa-819b9502a4c2.jpg,1,cancer,18.734022865272955
../data/raw/sans_label/ad54994e-ddfd-42b0-8bc1-421cf121ecfa.jpg,0,normal,18.863251947678418
../data/raw/sans_label/adf753d3-b12a-4ab5-9c8a-732f31df7bd2.jpg,0,normal,17.076914312895497
../data/raw/sans_label/adfe2464-c84b-418a-a92f-0aca61600d14.jpg,1,cancer,22.090518791450034
../data/raw/sans_label/ae12b9b6-c619-4272-8f67-e7f62d17adfc.jpg,1,cancer,23.674730967250795
../data/raw/sans_label/ae16d97e-2b19-4723-b545-5da8a6788538.jpg,1,cancer,20.99233197972798
../data/raw/sans_label/ae204781-dfdd-42e3-add7-a3b4bd3e1d67.jpg,1,cancer,22.587649318571533
../data/raw/sans_label/ae368c7a-7dda-438c-ba8e-95be6df4180c.jpg,0,normal,21.326781102345123
../data/raw/sans_label/ae433b5a-7fe2-4c2e-9e5a-d0c3968b6f93.jpg,1,cancer,21.764928978709854
../data/raw/sans_label/ae976992-00db-4566-8edd-e0813aecbdbf.jpg,0,normal,18.27398786920259
../data/raw/sans_label/aea301ef-d59d-4843-a30d-05090edb163a.jpg,1,cancer,22.18466837267365
../data/raw/sans_label/aec1ce1c-8e2a-4fec-bb80-60206e2773f4.jpg,0,normal,17.54947651968705
../data/raw/sans_label/aed79224-2956-4bb5-9cfe-ba66a0cc2fa3.jpg,0,normal,18.415531769798093
../data/raw/sans_label/aed7d082-bf4a-4f7b-bcac-437cb3453640.jpg,0,normal,23.55732024523058
../data/raw/sans_label/af339dff-712b-4d32-8869-d1840c919217.jpg,1,cancer,21.384075940232044
../data/raw/sans_label/af799b9c-1752-424f-9139-02f554e58b68.jpg,1,cancer,20.48117807154056
../data/raw/sans_label/af8a85eb-0518-464f-82ba-4bbe07234156.jpg,1,cancer,20.33609669891479
../data/raw/sans_label/b0336c35-ecf3-4300-942e-4046e651403a.jpg,0,normal,23.372194892889055
../data/raw/sans_label/b038504e-6513-4c61-83ea-6016dae07068.jpg,1,cancer,21.61411405356354
../data/raw/sans_label/b0573368-2b4a-4bb5-a2f2-fd4c106cbd6a.jpg,1,cancer,23.66707759787671
../data/raw/sans_label/b0919a76-d100-43a1-a5f6-1cd2400909b7.jpg,0,normal,22.3412838877595
../data/raw/sans_label/b0e5ad1b-ffbc-4ca3-8fc0-a9c3f2843024.jpg,0,normal,17.02894927414699
../data/raw/sans_label/b1596679-1197-4da3-94ea-5c865f1ab2aa.jpg,1,cancer,22.8792077948384
../data/raw/sans_label/b1599906-a75f-4f7c-9194-aef5ac307a98.jpg,1,cancer,23.2337207675601
../data/raw/sans_label/b16fb117-880f-4bf2-844c-8fca10f6a8ba.jpg,0,normal,19.42241989929896
../data/raw/sans_label/b1b84b67-8ecb-461f-b5d8-5c15dea5b40e.jpg,1,cancer,20.891991616091847
../data/raw/sans_label/b239bae7-a577-4569-a922-20eff3a5c4f3.jpg,1,cancer,21.8925062972319
../data/raw/sans_label/b2f8d9a9-ef82-4c08-a602-1a5fdc3ba173.jpg,1,cancer,17.294110629803427
../data/raw/sans_label/b3435209-7f0e-4c19-b14c-961dfedf7fa5.jpg,1,cancer,21.860322294889702
../data/raw/sans_label/b34c74b8-90d1-415f-aef0-e6803e181fb8.jpg,1,cancer,22.052124963035656
../data/raw/sans_label/b378a02d-501a-4a6c-b7a8-db752f862f42.jpg,0,normal,19.86214441364347
../data/raw/sans_label/b37b548d-b64c-4121-8a2c-a774e4de52f3.jpg,1,cancer,23.244145866220347
../data/raw/sans_label/b37f5017-ab4a-4ef4-bf96-e71749d6fd69.jpg,0,normal,20.86035140223273
../data/raw/sans_label/b3cc2a2a-c893-4007-8923-cf388e074e98.jpg,0,normal,18.340231442812538
../data/raw/sans_label/b3d87e60-cc73-4d1f-93b3-dee5658080d2.jpg,0,normal,16.70266648242504
../data/raw/sans_label/b3db51cb-3433-4810-b386-623bf2b4a118.jpg,1,cancer,21.734408248372265
../data/raw/sans_label/b439fafb-e052-46ed-a016-7ff5d1807c21.jpg,0,normal,20.101424899603167
../data/raw/sans_label/b43df22b-ca36-4759-bcab-607c2bb15700.jpg,1,cancer,19.383867586267076
../data/raw/sans_label/b4835ad6-9259-469a-8b1d-1db0ce85f438.jpg,1,cancer,21.818422457229605
../data/raw/sans_label/b5a05df2-50ea-435b-8946-f4ba1bb1d9ac.jpg,0,normal,16.818006998463872
../data/raw/sans_label/b5b311b5-9264-4d34-a9a5-8952ecf727cb.jpg,0,normal,21.60067891514711
../data/raw/sans_label/b5e72ee8-c802-43d8-b9ec-8e42629a608e.jpg,0,normal,22.014135652249564
../data/raw/sans_label/b6261bb8-2308-4f80-8535-0f42397c3231.jpg,0,normal,22.97718842173445
../data/raw/sans_label/b653d469-6c8e-4ff9-b584-f0bb3c6de2f7.jpg,0,normal,22.867911901819994
../data/raw/sans_label/b65c7ebe-aac9-414e-a9d3-b8205d5d5a23.jpg,0,normal,19.15302357286709
../data/raw/sans_label/b6a367ea-90ef-4608-8cc4-25d6480f2316.jpg,0,normal,16.253838289040836
../data/raw/sans_label/b6f5d34f-6564-4515-a8bd-454cb427d89b.jpg,1,cancer,19.17227007490398
../data/raw/sans_label/b7dfdd1a-0fde-4fb6-a164-cd3ffde2c76c.jpg,1,cancer,18.166541212182167
../data/raw/sans_label/b81d8697-0c53-4884-ae67-451f03c49cf3.jpg,1,cancer,19.063349840945662
../data/raw/sans_label/b84b03dd-e7ef-4279-b16e-8d15ed3dcf8d.jpg,0,normal,20.10267127062458
../data/raw/sans_label/b88a3666-f80f-4dc9-9857-dd86a147610d.jpg,1,cancer,21.42940006961478
../data/raw/sans_label/b89c1d66-644d-40c5-ab60-963dae9f4721.jpg,1,cancer,22.876065165504148
../data/raw/sans_label/b8b5d78a-1554-4094-bbdb-437564558675.jpg,0,normal,20.22229771321621
../data/raw/sans_label/b8de1e90-8be7-439c-8e7e-4e674309eff0.jpg,0,normal,20.376529056682205
../data/raw/sans_label/b8ef73d1-99ce-47f3-a6af-fc2ccb6f3516.jpg,1,cancer,20.548454067754566
../data/raw/sans_label/b9929535-b604-4eab-9d1b-aa8fd00a5199.jpg,0,normal,22.482451201021075
../data/raw/sans_label/b9a10b26-a2f4-409c-86af-7a8e32034822.jpg,0,normal,18.45308048029753
../data/raw/sans_label/b9c3a1cf-596c-48f5-93a2-6b3df977067d.jpg,0,normal,22.164046900416825
../data/raw/sans_label/ba6e94c8-06f0-4750-9ff8-d444eb24d50e.jpg,1,cancer,20.526610204780315
../data/raw/sans_label/ba976fd5-3416-4147-908c-1eb3c89a9712.jpg,0,normal,23.554863118512877
../data/raw/sans_label/baf0dbab-3f67-4785-bf3d-0005d2789079.jpg,1,cancer,19.874650506574504
../data/raw/sans_label/bb2e08a6-de1e-4098-898d-09bc50cfb2d6.jpg,0,normal,21.72255829293609
../data/raw/sans_label/bb7be2dc-ad86-4c83-8350-c711317d5fb0.jpg,1,cancer,23.14983469042282
../data/raw/sans_label/bb813aae-eb3f-402f-87ef-4f788ccf542b.jpg,0,normal,21.435691319505587
../data/raw/sans_label/bbd58dd2-cbac-4bde-8237-53318d52c369.jpg,0,normal,19.1812783490646
../data/raw/sans_label/bc0d40fa-a3fa-441b-bc86-b54ce94e2d7a.jpg,0,normal,19.45139793302654
../data/raw/sans_label/bce45fb4-a4e3-46ad-bd02-a111ef092889.jpg,0,normal,21.52614962564329
../data/raw/sans_label/bd379318-b2ad-42c4-825b-88ab71c55e15.jpg,1,cancer,23.49004262545668
../data/raw/sans_label/bd43b263-5430-4c50-b685-afbed1f0a870.jpg,0,normal,20.98930915286391
../data/raw/sans_label/bdb59569-ecb6-4ea4-8b48-7bbe75775ca4.jpg,0,normal,19.67146080267424
../data/raw/sans_label/be13c534-5a49-4a6f-abed-0ee6d43b8168.jpg,1,cancer,20.19082943855333
../data/raw/sans_label/be331e19-085b-4197-95a8-8c148c815334.jpg,0,normal,23.407636053398473
../data/raw/sans_label/be6b6d40-5b6f-4159-888d-4bdcf9b0ba5b.jpg,1,cancer,20.48343498171478
../data/raw/sans_label/beab9b35-c1b2-4ad0-90f5-41c773f135ff.jpg,0,normal,18.127534221116125
../data/raw/sans_label/bed6e12c-2ea8-4b3e-a59e-cf36fe96e463.jpg,1,cancer,21.617899264383425
../data/raw/sans_label/beee84d9-4e44-430a-aaf0-4e54b2bed5e5.jpg,0,normal,22.796885280225336
../data/raw/sans_label/bef3673e-fe67-4c99-b706-8b9cd3b5e6c6.jpg,1,cancer,21.49022025754691
../data/raw/sans_label/bf057df5-c436-4d56-bae3-66f6e9fc071f.jpg,1,cancer,19.352198039465407
../data/raw/sans_label/bf866f83-f688-447d-96cc-541c2f402f47.jpg,1,cancer,18.30398401088049
../data/raw/sans_label/bfb57862-59ff-4192-9b27-cb09620612b4.jpg,0,normal,15.305795195367153
../data/raw/sans_label/bfbbb8e6-e856-4b37-a623-adc115a549d7.jpg,0,normal,21.360865372036443
../data/raw/sans_label/c02578ec-420e-49cb-b300-c648388a4b69.jpg,1,cancer,22.028315859860236
../data/raw/sans_label/c03777e7-cd5b-4678-b23c-c23bda2cb73d.jpg,0,normal,23.589424283423547
../data/raw/sans_label/c1031cf0-6eb2-4413-ae12-cc281fb560c5.jpg,0,normal,21.990392791017342
../data/raw/sans_label/c268e736-3706-4f9d-9da5-d5a089549c05.jpg,0,normal,18.94270753214254
../data/raw/sans_label/c2a80dba-936c-4924-9f26-6de0e9aa082f.jpg,0,normal,17.871634906184116
../data/raw/sans_label/c2a831ad-4d6e-45ec-a308-d873662a9fff.jpg,0,normal,18.932150291806437
../data/raw/sans_label/c3305fd4-95c1-4761-bd6c-f8969a1f631e.jpg,0,normal,21.384500613896613
../data/raw/sans_label/c3548ce6-14fd-4747-99d2-a498ec2a89dc.jpg,0,normal,18.572254535706104
../data/raw/sans_label/c38f8369-c2b1-41e3-a5ab-fd4c0cdafd3e.jpg,1,cancer,21.799929707632096
../data/raw/sans_label/c3b3d8bc-8c66-41fb-9cee-1e461377b8b8.jpg,0,normal,18.186867517745835
../data/raw/sans_label/c4d9b988-8e7d-4f8c-9f67-d34f275a1c41.jpg,0,normal,22.962423137062782
../data/raw/sans_label/c50d1338-01bb-4862-aa2e-b4e009052b7b.jpg,0,normal,20.48995151950443
../data/raw/sans_label/c51b239d-ea9f-4e39-851d-3d31c378e1c9.jpg,1,cancer,19.619878008754867
../data/raw/sans_label/c54fb914-ea29-4755-a55a-80694f6e12c2.jpg,1,cancer,19.846243915197693
../data/raw/sans_label/c65e4953-4a81-4bc5-a85c-57d57704e3be.jpg,1,cancer,22.984427010249988
../data/raw/sans_label/c6942443-0497-4e2c-898b-13a956249316.jpg,1,cancer,21.694510351080535
../data/raw/sans_label/c697f7b8-a805-453b-9f5b-cf0b4f451a33.jpg,0,normal,20.575433196027266
../data/raw/sans_label/c6fe9750-9be5-4537-abff-cbd0b5c331d2.jpg,0,normal,19.6547904686107
../data/raw/sans_label/c7050e6d-4a2a-4089-9777-a16c76406873.jpg,0,normal,16.194645031262134
../data/raw/sans_label/c7173cc9-2971-4803-9490-9d43481b70e4.jpg,0,normal,19.02721878433062
../data/raw/sans_label/c74a8b21-5af5-42c7-bfed-aa96645fab2d.jpg,0,normal,21.18588558453109
../data/raw/sans_label/c75f863f-2106-4c73-bc21-1730b4399373.jpg,0,normal,22.79371625989856
../data/raw/sans_label/c803aed7-757d-42f7-92ee-363b9dc79499.jpg,0,normal,21.544702876773197
../data/raw/sans_label/c81630dc-6dd9-4faa-b19c-8f8bfad1d734.jpg,1,cancer,21.402840290018077
../data/raw/sans_label/c856da77-71b1-4e2f-9ddb-93d279822202.jpg,0,normal,21.213203345946148
../data/raw/sans_label/c8ebc7e1-3459-48bc-a223-2b990f2c8bc1.jpg,0,normal,20.42643585678574
../data/raw/sans_label/c916fc23-28a8-46cd-baae-ba91c6413489.jpg,0,normal,20.939840111982583
../data/raw/sans_label/c96bf301-62e2-424e-8ac4-e6b80f60388a.jpg,1,cancer,22.312679317225445
../data/raw/sans_label/c9c47489-cccf-4acd-88ce-1d2943e5bb6e.jpg,0,normal,19.29913814664259
../data/raw/sans_label/ca1f5dd4-ad42-49c5-825e-403288d98532.jpg,0,normal,20.626236225407556
../data/raw/sans_label/ca2e8fcd-c573-4d34-b92c-3ea6c0e3e8f5.jpg,1,cancer,21.749071039378954
../data/raw/sans_label/ca46237d-f96c-4c3f-ae44-e96a6765dbba.jpg,0,normal,18.969309807274634
../data/raw/sans_label/ca4af252-283a-4391-9c9b-3355c9e4f63d.jpg,0,normal,20.351154396778224
../data/raw/sans_label/caccba4d-45cf-4224-a100-1fba0556a251.jpg,0,normal,17.873133296206262
../data/raw/sans_label/cae04dd3-0b80-44f6-b7cf-e063e6ee3b41.jpg,0,normal,17.99134415587855
../data/raw/sans_label/cb52c430-69e8-4b42-af50-d061c9416841.jpg,1,cancer,19.549235762091165
../data/raw/sans_label/cb6c7d10-bc8f-4c3c-aa6a-868b8897e4b4.jpg,1,cancer,19.88712033567402
../data/raw/sans_label/cb79220e-bebb-4328-87e5-917ca51607ed.jpg,1,cancer,20.36824380166706
../data/raw/sans_label/cbe4196c-9d73-48aa-9719-4d0f8f3fcd32.jpg,1,cancer,19.64258426523306
../data/raw/sans_label/cc16dfb4-6bd5-45ef-b9b9-53df49f47dc0.jpg,0,normal,17.314673129435583
../data/raw/sans_label/cca25e7c-12af-4c98-ac09-608461469d78.jpg,0,normal,18.114349044316338
../data/raw/sans_label/ccee99bd-8a46-42d0-a09b-a2b200dd8bc0.jpg,0,normal,19.978276251207355
../data/raw/sans_label/cd33e4c7-bcfd-4228-9976-d480100a74dd.jpg,0,normal,14.77403368715597
../data/raw/sans_label/cd4ec45d-c01d-438c-9032-0b811159a980.jpg,1,cancer,23.033074544327224
../data/raw/sans_label/cd80f16b-58b8-46a4-bb62-c5040bf63eeb.jpg,0,normal,20.64918674945814
../data/raw/sans_label/cd986f61-0bd8-4beb-bd9c-6962d00d59c2.jpg,1,cancer,18.615461568645884
../data/raw/sans_label/cdab3f1d-500d-42ac-9607-eff2574279ea.jpg,0,normal,20.974721976008727
../data/raw/sans_label/cf3c52af-5549-4f92-a57e-46de32e14e82.jpg,1,cancer,22.251429456284992
../data/raw/sans_label/cf6f969e-47d6-4796-a0c1-cf6b2dbb7a42.jpg,1,cancer,21.16236084872684
../data/raw/sans_label/d01ff5af-6826-4ccd-96d0-23ba9c87fece.jpg,0,normal,19.12003140897312
../data/raw/sans_label/d079d7c0-4ffd-4f31-92eb-f753c0241b1c.jpg,0,normal,19.802890728070583
../data/raw/sans_label/d0b3497e-5c45-4131-8e33-772abeffdb32.jpg,0,normal,18.454186134761322
../data/raw/sans_label/d1285cba-dad1-4341-98a3-adad89f59293.jpg,1,cancer,21.168634564610453
../data/raw/sans_label/d134e654-ec17-49ae-8f06-386e65e0035f.jpg,1,cancer,21.902875966172765
../data/raw/sans_label/d13b0b94-56e2-42b4-ba15-118e88182695.jpg,0,normal,22.204383530300024
../data/raw/sans_label/d1459a4b-d693-41dd-84b1-743482796c97.jpg,0,normal,21.295969690815095
../data/raw/sans_label/d1e2f491-54bb-43d0-bc7e-fb7d33bca568.jpg,0,normal,18.130697799483908
../data/raw/sans_label/d21475c8-c0f1-4a42-a38e-f567b088e541.jpg,1,cancer,21.30422671123903
../data/raw/sans_label/d2a035b7-4cf5-4a47-8e2c-b37344f54906.jpg,0,normal,21.131399448434248
../data/raw/sans_label/d3a9f98b-e591-4a84-b355-b11baa271060.jpg,1,cancer,23.297521053102074
../data/raw/sans_label/d49fa95c-5618-4044-a9f8-8951b53159cb.jpg,1,cancer,22.215707209375825
../data/raw/sans_label/d4b29b8d-2d7c-4856-8e61-6119104a1486.jpg,0,normal,18.174093022103136
../data/raw/sans_label/d4e48d7d-a758-48d0-820a-9bfca5247ff3.jpg,0,normal,20.078192446878166
../data/raw/sans_label/d4e9afda-0833-4af9-ba63-152e615de954.jpg,0,normal,22.005984014947103
../data/raw/sans_label/d51fe3e6-8514-4b2c-aae8-40de18c3a086.jpg,0,normal,18.19330163737302
../data/raw/sans_label/d52b603e-de7e-4923-9580-75ecf947f3bf.jpg,1,cancer,19.40342082500261
../data/raw/sans_label/d6a73655-128d-4625-ab70-ab7efad2e6a0.jpg,1,cancer,22.15326138474757
../data/raw/sans_label/d6e6492e-d3f2-4799-89fb-9582ad25c7be.jpg,0,normal,19.398563267222908
../data/raw/sans_label/d72ef72f-db7a-4581-ad4e-b86cd54f8b6c.jpg,0,normal,21.61773145076345
../data/raw/sans_label/d77c68f7-fc7b-4271-95ef-f9fee3a0a411.jpg,0,normal,19.9963148107772
../data/raw/sans_label/d8a60e0b-1c69-4a5a-9d22-61496a1c0b62.jpg,0,normal,18.34442247015535
../data/raw/sans_label/d9041cf9-c600-4b70-8d1d-6b51a4bf8bd5.jpg,0,normal,21.91124180303346
../data/raw/sans_label/d909a015-9977-49ac-9620-1f8644d5c0a2.jpg,0,normal,20.782664749229056
../data/raw/sans_label/d9e61628-22de-403a-af05-a4ec0d7767f2.jpg,0,normal,19.816468327463824
../data/raw/sans_label/da060383-ecfe-4455-96f9-72e4218614fb.jpg,1,cancer,21.816871891056007
../data/raw/sans_label/da45f349-f490-49d7-8fb6-c427c7ccf898.jpg,1,cancer,22.984646786343397
../data/raw/sans_label/da5006db-24c8-4cd8-898a-65806cece24e.jpg,0,normal,20.788220267265388
../data/raw/sans_label/da97d7fe-ecc6-4288-a4bd-e2adbfd5b6af.jpg,0,normal,20.18468327415512
../data/raw/sans_label/da98b432-dd9d-434f-a2dc-b1871c574a6d.jpg,1,cancer,23.140825050408058
../data/raw/sans_label/dab3f580-9417-4c84-9aa7-66b7d25e68fb.jpg,0,normal,17.86709473700091
../data/raw/sans_label/db048b60-4059-403e-9325-5cf2c459d169.jpg,1,cancer,19.35059097760255
../data/raw/sans_label/db184476-333b-40f2-94af-1e4816bd7e58.jpg,1,cancer,20.571928531281312
../data/raw/sans_label/db6624a9-ef0a-45b1-934f-5f9d85458d40.jpg,1,cancer,19.43082113083531
../data/raw/sans_label/dbd318e1-ffe0-406d-ab3d-2c5ab0ab2f2e.jpg,1,cancer,23.43505392520237
../data/raw/sans_label/dc02d801-1fa9-40a5-8555-1e9d00475723.jpg,0,normal,18.19676575025252
../data/raw/sans_label/dd1afec0-2697-45b5-a0f2-e4e26acfce72.jpg,0,normal,20.43344964358647
../data/raw/sans_label/dd2eb4e7-90a3-4801-ab47-b94dee64eab2.jpg,0,normal,22.684105378973637
../data/raw/sans_label/dd53a762-0288-48a7-b130-4547e5a41004.jpg,1,cancer,20.58075158410274
../data/raw/sans_label/dda4e1f7-3614-4903-a53f-45a9b838d785.jpg,0,normal,23.497968199214295
../data/raw/sans_label/de13eaea-429f-4c54-b2f4-b7cf1300f44c.jpg,0,normal,18.972577772536116
../data/raw/sans_label/de19d8fc-0059-4bbe-b6df-d10b68613494.jpg,0,normal,21.853237643382776
../data/raw/sans_label/de1c68e5-fbc2-48a4-a19f-c5c8905b9b24.jpg,0,normal,18.426462173793485
../data/raw/sans_label/de98c91a-04b8-49b4-a7ab-084cd6bbda35.jpg,1,cancer,22.609570382056404
../data/raw/sans_label/dfd03d67-6c4c-46c7-be16-7eb248e6225b.jpg,1,cancer,22.85747145220454
../data/raw/sans_label/e01c1cb3-c26c-4426-931e-a51b0f0217dd.jpg,1,cancer,22.20593432172515
../data/raw/sans_label/e04ed68c-5e2b-4a7f-8264-48d99160e937.jpg,1,cancer,19.314029688260717
../data/raw/sans_label/e0b8c2ee-5521-4b40-8196-5ae4dee04737.jpg,0,normal,22.19761313367275
../data/raw/sans_label/e1032fbf-6ca4-4df6-bcc8-ae1f48d66f87.jpg,1,cancer,22.316361354930567
../data/raw/sans_label/e1eb7488-1453-4ba7-b7ba-380a7821d501.jpg,1,cancer,18.849856662509126
../data/raw/sans_label/e1f0b2f9-7016-439b-ae96-b10a4f1b75b1.jpg,0,normal,16.67087621735897
../data/raw/sans_label/e237e598-a7da-4a94-9427-c3ddf64ca667.jpg,1,cancer,20.03568744429832
../data/raw/sans_label/e29b6621-61bd-41cb-9039-8ba0748c77cc.jpg,1,cancer,20.798033698583325
../data/raw/sans_label/e2e331c7-2658-4a22-afef-59a66e2e36f5.jpg,0,normal,19.373065348156228
../data/raw/sans_label/e3102899-9a33-4b7b-937e-debb6d16aeb1.jpg,1,cancer,21.316309204215894
../data/raw/sans_label/e325c59e-b404-47e3-a101-a4a2487000a4.jpg,1,cancer,23.066379732981957
../data/raw/sans_label/e3387ccf-a03b-436d-a689-47b2e99cef26.jpg,1,cancer,23.42404847894629
../data/raw/sans_label/e37116d4-26f1-4aec-b4fa-f51d00435a33.jpg,0,normal,21.441494298572415
../data/raw/sans_label/e37c973d-ce02-47b5-aa9d-726ee50a0495.jpg,1,cancer,21.533980051982333
../data/raw/sans_label/e3821332-345c-4d90-a70f-4d7e459569dd.jpg,0,normal,19.13254463079911
../data/raw/sans_label/e435db67-2d1f-472d-950c-079edf57fadd.jpg,0,normal,19.967609139006772
../data/raw/sans_label/e46a0c90-ec2d-41e3-942d-15e749b5da98.jpg,0,normal,18.097902139088806
../data/raw/sans_label/e4830e27-67b7-4086-bc6f-d68d8e081f20.jpg,0,normal,22.830592168526262
../data/raw/sans_label/e4ae580f-2ed4-4203-9b0e-56892b986336.jpg,0,normal,19.667634110562275
../data/raw/sans_label/e596b9ee-1cc4-4bac-944f-fc380a5b924a.jpg,0,normal,18.57573251105198
../data/raw/sans_label/e657f03a-f04a-4493-baa6-ccb7848c8fe7.jpg,0,normal,17.901614899545855
../data/raw/sans_label/e69bc3be-ff42-4189-b00a-bc077cf2a284.jpg,0,normal,16.163303323366907
../data/raw/sans_label/e6c71dca-2fbf-4534-8003-b007d6d2f01f.jpg,0,normal,16.777974529581595
../data/raw/sans_label/e6f11dd9-7f43-44b2-a92c-0331a75b1479.jpg,1,cancer,20.017697587690623
../data/raw/sans_label/e70d0fb8-18b5-4d81-9e36-770a43ff8bc0.jpg,0,normal,23.360132320986267
../data/raw/sans_label/e71917e5-06af-4d12-855f-1066bff881a6.jpg,0,normal,18.552926838665357
../data/raw/sans_label/e7f5be64-b2c8-4a5d-887b-30525048c54f.jpg,0,normal,17.40007903212179
../data/raw/sans_label/e85b1c50-29ad-4392-ac27-7fb2fc6787d7.jpg,1,cancer,20.597565161385734
../data/raw/sans_label/e8c5c861-755f-4a34-b15a-292e9fd05a33.jpg,1,cancer,21.458928231494117
../data/raw/sans_label/e958d39e-701e-4744-96a1-8916338904d7.jpg,1,cancer,20.840297027716424
../data/raw/sans_label/e9721e3a-e3c6-4a09-9b30-3c82b809069e.jpg,0,normal,21.034019303322623
../data/raw/sans_label/e998d78e-42b9-44c4-b7ea-0b4cbe6b250d.jpg,1,cancer,21.15398498699539
../data/raw/sans_label/e9e0a6e5-db85-431a-b015-a86c65f06776.jpg,0,normal,22.26901120283548
../data/raw/sans_label/e9f6d279-0737-4ea3-b13c-59ff52bf016d.jpg,1,cancer,21.179045444222872
../data/raw/sans_label/ea0f9b11-26a3-4c46-b323-81010860c9b1.jpg,0,normal,20.42643585678574
../data/raw/sans_label/ea7cd9df-e4e5-42d8-926b-7fa218c92918.jpg,1,cancer,20.873742337625195
../data/raw/sans_label/ea862723-cd8a-40d1-bce6-a004996997d8.jpg,0,normal,20.681552362581495
../data/raw/sans_label/ea962881-8a48-41a4-ae4a-ec6819d348c3.jpg,0,normal,16.644067037185014
../data/raw/sans_label/eb516a02-32f0-4bd5-b7d9-fe046df5ffc8.jpg,1,cancer,22.336795639768013
../data/raw/sans_label/eb986a31-64da-4e15-8246-16f8f6668649.jpg,0,normal,21.915048786234795
../data/raw/sans_label/ebce2527-8c08-42dc-8880-ee8f180b0f9f.jpg,1,cancer,21.924267480901285
../data/raw/sans_label/ec526767-f086-4dbe-ae3a-412f79a9edd0.jpg,0,normal,21.138654680348612
../data/raw/sans_label/ec607df6-c21e-47c3-a8bd-bf381690cb7e.jpg,0,normal,17.88426944345051
../data/raw/sans_label/eca6422c-b1dd-4d70-a161-cce649119176.jpg,0,normal,23.493703538404734
../data/raw/sans_label/ecb564c0-9102-4916-82c5-823bf4d7ac33.jpg,1,cancer,21.540285206410466
../data/raw/sans_label/ed07b9e0-d1b3-4a93-bdc7-c77c3b5037d9.jpg,0,normal,14.684076998938883
../data/raw/sans_label/ed723d8e-2323-4570-87a3-938e3e1c3a32.jpg,0,normal,23.158121038915
../data/raw/sans_label/ed88b3db-1d6c-44c5-9e08-30c4a040910c.jpg,1,cancer,22.123437638049054
../data/raw/sans_label/ed88b81e-bd84-4048-a38a-a59259f51dc2.jpg,0,normal,19.087417248174205
../data/raw/sans_label/edb3ee76-6415-4115-b3de-2968b0be5006.jpg,0,normal,20.560153280443128
../data/raw/sans_label/ee0737c2-8bbd-4a77-b531-dd8fa5e3dcd9.jpg,1,cancer,21.903459279026666
../data/raw/sans_label/ee86a462-65df-4c23-88cf-3d92e54de3f5.jpg,0,normal,18.024096520673115
../data/raw/sans_label/eebd905c-ee0f-44aa-a33f-fea3fab843a0.jpg,0,normal,18.593650711902214
../data/raw/sans_label/efb81603-c141-472b-98de-fcde557bd1dd.jpg,1,cancer,18.88851176558617
../data/raw/sans_label/f010521c-2129-4b45-8799-2bcc3da4557f.jpg,1,cancer,18.63086408713553
../data/raw/sans_label/f052ad55-d9ab-446a-a19d-e85ff46f138c.jpg,0,normal,19.647625054220523
../data/raw/sans_label/f0a21a25-1da2-41c1-b865-dbd187114858.jpg,1,cancer,21.83880691195838
../data/raw/sans_label/f0b03911-2262-43b9-9e50-30a1bf93f2e0.jpg,0,normal,18.56047130148944
../data/raw/sans_label/f120f5fe-495f-43aa-a88e-5cc023edf594.jpg,1,cancer,21.5922277537694
../data/raw/sans_label/f1917d55-39f9-4ed9-9e49-f65c7b15a875.jpg,0,normal,15.484175143785214
../data/raw/sans_label/f1984eff-6b19-4ca7-b623-9c757249bf04.jpg,1,cancer,19.138324472622553
../data/raw/sans_label/f199a8c8-85b6-49f4-bebc-f5ba26ff7852.jpg,0,normal,18.512743774856432
../data/raw/sans_label/f19d1ab2-b3ec-439b-8b5b-2b455aee74ae.jpg,0,normal,18.941256195013185
../data/raw/sans_label/f1c28168-17e9-41ce-88b8-1f0bcc8c5cc6.jpg,0,normal,19.73461706004804
../data/raw/sans_label/f2dc984e-3f0f-4d13-9301-f9e0b0e4e51e.jpg,1,cancer,22.393975266728614
../data/raw/sans_label/f2dd3eb8-320d-4e4a-b6d3-f76642ac654d.jpg,1,cancer,23.085263266354332
../data/raw/sans_label/f2e48e96-9d99-4e4c-a492-618674724d8d.jpg,1,cancer,18.574763593927564
../data/raw/sans_label/f2f97064-fd8d-4147-95cd-a180cfcfb913.jpg,0,normal,20.417353925705882
../data/raw/sans_label/f324adf2-d0b4-4a5f-a648-6ac586eabd9a.jpg,1,cancer,21.12950552824336
../data/raw/sans_label/f35bfd59-19e6-4ec8-85b6-0fef8699f961.jpg,0,normal,22.29925408527162
../data/raw/sans_label/f3bd1d86-a448-4578-a47c-9a4c826403b1.jpg,0,normal,19.22702675059106
../data/raw/sans_label/f416fc93-9b7d-4211-88be-e09539b1f9b1.jpg,1,cancer,22.79034319620106
../data/raw/sans_label/f4a379d3-af24-4114-a7c7-2765cd83f7d5.jpg,1,cancer,21.95518143752265
../data/raw/sans_label/f4f16fea-acba-43fb-b742-3b6b9c9243b0.jpg,0,normal,18.70101803320293
../data/raw/sans_label/f4f5d644-5d18-477f-b048-0e2cc5c3abe2.jpg,1,cancer,21.988639690827025
../data/raw/sans_label/f5013582-f682-4d08-8b7e-a6bc599f2137.jpg,0,normal,21.634186784229033
../data/raw/sans_label/f525c3c4-ade2-4726-916e-25b8e7a78ed3.jpg,0,normal,18.867840324320213
../data/raw/sans_label/f52abe7f-be3d-4428-8c75-a9e08f981f0b.jpg,0,normal,17.86550882417214
../data/raw/sans_label/f54be614-be07-4c7c-b361-0a2eef1ed4d7.jpg,0,normal,20.27335995615908
../data/raw/sans_label/f58c647d-4a84-49d9-8ad7-c98981da914d.jpg,1,cancer,21.27001911944568
../data/raw/sans_label/f5b50212-f975-4a37-afa5-032b2a003298.jpg,0,normal,17.737805244058766
../data/raw/sans_label/f5ded837-56e3-4590-b567-fbd1b71f3da8.jpg,0,normal,21.352507280727835
../data/raw/sans_label/f5e0d8e5-d8be-4308-9584-808d88d6ae98.jpg,0,normal,19.226419914506703
../data/raw/sans_label/f6a21abe-1f7c-4bba-8f41-46db83b082e7.jpg,0,normal,23.526260075668745
../data/raw/sans_label/f6e10c2b-4aa7-49c4-bad2-dbd47dd30a78.jpg,0,normal,21.31151028181184
../data/raw/sans_label/f6e3df92-dfef-4c23-af5c-26994759f219.jpg,0,normal,17.78250089969274
../data/raw/sans_label/f7227dc6-cfd1-486b-a85f-9a9ec21766f3.jpg,0,normal,16.96940916275046
../data/raw/sans_label/f7ae44c4-0045-4695-902e-2077b250d949.jpg,1,cancer,23.375162700411355
../data/raw/sans_label/f7bd52a1-eeaf-4480-a85c-53bdaf755cff.jpg,0,normal,22.96965871961021
../data/raw/sans_label/f7ef8c54-df83-47af-8cd1-a6bf96731e35.jpg,0,normal,17.425681687411647
../data/raw/sans_label/f825d461-7eb0-4bed-b0e3-f0c0ebde2cd5.jpg,0,normal,19.432247934897244
../data/raw/sans_label/f844fccf-c118-43d6-bc9d-551403ff443e.jpg,1,cancer,18.999745734947805
../data/raw/sans_label/f87f69f7-91a0-45b8-a790-911e3879f174.jpg,1,cancer,20.546900804899046
../data/raw/sans_label/f8916dcf-ff6c-4b15-97d0-639b4964c443.jpg,1,cancer,22.732262872698747
../data/raw/sans_label/f944ba3b-78eb-4392-a365-9d079e327900.jpg,1,cancer,19.451224284532312
../data/raw/sans_label/f9466180-1e6b-4152-9176-6b4e2dc186ed.jpg,1,cancer,21.796235910765873
../data/raw/sans_label/f97a64aa-6894-493b-978d-d5a133986272.jpg,1,cancer,22.955826815732948
../data/raw/sans_label/f9d0f331-0474-44b7-b06d-adebdf1b0d5b.jpg,0,normal,20.203972945022016
../data/raw/sans_label/f9d60d23-9fd7-4c00-b06e-c262559c15ad.jpg,0,normal,20.49263614349831
../data/raw/sans_label/fa19fe6b-0859-4a56-94dd-62c88812fd23.jpg,0,normal,22.025201512519526
../data/raw/sans_label/fac0dc4c-bba4-4200-b4f1-c59850226986.jpg,1,cancer,20.135948312124487
../data/raw/sans_label/fac74fac-c0ed-45d1-853a-482ac8bf14f9.jpg,0,normal,20.2967659736365
../data/raw/sans_label/fb486ecf-2ace-4ce5-9d65-2702e4b64181.jpg,1,cancer,19.6676631771377
../data/raw/sans_label/fb656613-7355-4508-ba32-7a633b9f3397.jpg,0,normal,23.217406465709654
../data/raw/sans_label/fb81733b-ea25-4003-80c7-7e162a731331.jpg,1,cancer,21.514999914634892
../data/raw/sans_label/fb9d36e6-f30c-4943-8f6a-adfdcaac2356.jpg,0,normal,20.392721071665896
../data/raw/sans_label/fbe0b07a-b152-45f3-8a65-61e7e4ef554a.jpg,0,normal,16.388617669829905
../data/raw/sans_label/fc0ab4c3-7285-4e86-99d7-959f54ec8da7.jpg,1,cancer,21.704003090822
../data/raw/sans_label/fc82dbe0-6824-4ac8-a4a0-612f5ea53a98.jpg,0,normal,23.048744057036586
../data/raw/sans_label/fcc19978-f859-462a-b392-eb31378af641.jpg,0,normal,20.78406995967978
../data/raw/sans_label/fced49dd-3752-42a0-a55c-03bc4e627614.jpg,1,cancer,21.43631217745869
../data/raw/sans_label/fcf1c2ea-fe58-495e-b7b9-c30ee111b9cc.jpg,0,normal,20.49263614349831
../data/raw/sans_label/fe4454fb-f164-40a8-b7ec-dca240430694.jpg,0,normal,17.901614899545855
../data/raw/sans_label/fe4fdff6-284e-41f9-a55d-81725888b3df.jpg,1,cancer,23.00614881556037
../data/raw/sans_label/fe83bb10-600a-40fa-b7a9-13e79ecf1bca.jpg,1,cancer,21.970427947969124
../data/raw/sans_label/fecdc9e4-c3cf-490d-b5b4-b489a6d455bf.jpg,1,cancer,22.65996774558613
../data/raw/sans_label/ff3d5248-a7a7-47f6-8fe4-a44a45af64f5.jpg,1,cancer,21.60359212392413
../data/raw/sans_label/ffab85a5-cdb8-4c32-aa75-926199136003.jpg,0,normal,22.011859307354193
../data/raw/sans_label/ffae953a-1429-4a56-a258-7c4c0160a117.jpg,1,cancer,23.371735017353643
../data/raw/sans_label/ffe6c966-3830-4e88-b02d-bb47fdf4da18.jpg,1,cancer,20.899833305409913
